Spieler_ID;Vereins_ID;Trikot_Nr;Spieler_Name;Land;Spiele;Tore;Vorlagen;
1;1;1;Péter Gulácsi;Ungarn;17;0;1;
2;1;28;Yvon Mvogo;Schweiz;1;0;0;
3;1;32;Tim Schreiber;Deutschland;0;0;0;
4;1;33;Philipp Tschauner;Deutschland;0;0;0;
5;1;16;Lukas Klostermann;Deutschland;17;1;1;
6;1;23;Marcel Halstenberg;Deutschland;14;2;2;
7;1;5;Dayot Upamecano;Frankreich;14;0;1;
8;1;22;Nordi Mukiele;Frankreich;13;2;1;
9;1;4;Willi Orban;Ungarn;9;1;0;
10;1;6;Ibrahima Konaté;Frankreich;5;0;0;
11;1;26;Ethan Ampadu;Wales;2;0;0;
12;1;37;Frederik Jäkel;Deutschland;0;0;0;
13;1;7;Marcel Sabitzer;Österreich;18;7;5;
14;1;18;Christopher Nkunku;Frankreich;17;3;8;
15;1;27;Konrad Laimer;Österreich;16;2;1;
16;1;8;Amadou Haidara;Mali;9;0;0;
17;1;13;Stefan Ilsanker;Österreich;6;0;0;
18;1;44;Kevin Kampl;Slowenien;4;1;0;
19;1;14;Tyler Adams;Unbekannt;2;0;0;
20;1;19;Hannes Wolf;Österreich;2;0;0;
21;1;41;Oliver Bias;Deutschland;0;0;0;
22;1;49;Mads Bidstrup;Dänemark;0;0;0;
23;1;53;Tom Krauß;Deutschland;0;0;0;
24;1;11;Timo Werner;Deutschland;18;20;6;
25;1;9;Yussuf Poulsen;Dänemark;14;3;4;
26;1;10;Emil Forsberg;Schweden;12;4;2;
27;1;20;Matheus Cunha;Brasilien;10;0;0;
28;1;21;Patrik Schick;Tschechien;8;4;1;
29;1;17;Ademola Lookman;England;3;0;0;
30;2;1;Manuel Neuer;Deutschland;18;0;0;
31;2;39;Ron-Thorben Hoffmann;Deutschland;0;0;0;
32;2;26;Sven Ulreich;Deutschland;0;0;0;
33;2;5;Benjamin Pavard;Frankreich;17;3;2;
34;2;32;Joshua Kimmich;Deutschland;17;0;4;
35;2;27;David Alaba;Österreich;14;1;1;
36;2;8;Javi Martínez;Spanien;11;0;0;
37;2;17;Jérôme Boateng;Deutschland;10;0;0;
38;2;4;Niklas Süle;Deutschland;8;0;1;
39;2;21;Lucas Hernández;Frankreich;6;0;0;
40;2;22;Serge Gnabry;Deutschland;16;6;6;
41;2;10;Philippe Coutinho;Brasilien;16;6;4;
42;2;6;Thiago;Spanien;15;1;0;
43;2;19;Alphonso Davies;Kanada;14;1;2;
44;2;14;Ivan Perisic;Kroatien;13;4;3;
45;2;29;Kingsley Coman;Frankreich;12;1;1;
46;2;18;Leon Goretzka;Deutschland;9;0;1;
47;2;24;Corentin Tolisso;Frankreich;8;1;0;
48;2;11;Mickaël Cuisance;Frankreich;3;0;0;
49;2;28;Sarpreet Singh;Neuseeland;1;0;0;
50;2;34;Oliver Batista Meier;Deutschland;0;0;0;
51;2;37;Paul Will;Deutschland;0;0;0;
52;2;9;Robert Lewandowski;Polen;18;20;2;
53;2;25;Thomas Müller;Deutschland;18;3;11;
54;2;35;Joshua Zirkzee;Niederlande;2;2;0;
55;2;16;Leon Dajaku;Deutschland;2;0;0;
56;2;15;Fiete Arp;Deutschland;0;0;0;
57;2;38;Kwasi Okyere Wriedt;Ghana;0;0;0;
58;2;;Hans-Dieter Flick;Deutschland;0;0;0;
59;3;1;Yann Sommer;Schweiz;18;0;0;
60;3;31;Max Grün;Deutschland;0;0;0;
61;3;21;Tobias Sippel;Deutschland;0;0;0;
62;3;30;Nico Elvedi;Schweiz;17;1;0;
63;3;18;Stefan Lainer;Österreich;16;1;2;
64;3;28;Matthias Ginter;Deutschland;15;0;0;
65;3;17;Oscar Wendt;Schweden;12;2;0;
66;3;25;Ramy Bensebaini;Algerien;8;3;0;
67;3;8;Denis Zakaria;Schweiz;17;2;1;
68;3;32;Florian Neuhaus;Deutschland;15;1;1;
69;3;6;Christoph Kramer;Deutschland;11;0;0;
70;3;23;Jonas Hofmann;Deutschland;8;0;1;
71;3;19;Fabian Johnson;Unbekannt;4;0;0;
72;3;5;Tobias Strobl;Deutschland;4;0;0;
73;3;10;Marcus Thuram;Frankreich;18;6;4;
74;3;14;Alassane Pléa;Frankreich;16;5;5;
75;3;36;Breel Embolo;Schweiz;15;6;2;
76;3;7;Patrick Herrmann;Deutschland;15;5;3;
77;3;13;Lars Stindl;Deutschland;10;1;2;
78;3;11;Raffael;Brasilien;5;0;0;
79;3;37;Keanan Bennetts;England;0;0;0;
80;4;1;Roman Bürki;Schweiz;15;0;0;
81;4;35;Marwin Hitz;Schweiz;4;0;0;
82;4;20;Jonas Hupe;Deutschland;0;0;0;
83;4;40;Eric Oelschlägel;Deutschland;0;0;0;
84;4;25;Luca Unbehaun;Deutschland;0;0;0;
85;4;5;Achraf Hakimi;Marokko;18;2;6;
86;4;16;Manuel Akanji;Schweiz;17;0;0;
87;4;15;Mats Hummels;Deutschland;16;0;3;
88;4;26;Lukasz Piszczek;Polen;14;0;3;
89;4;13;Raphaël Guerreiro;Portugal;13;2;1;
90;4;14;Nico Schulz;Deutschland;8;1;0;
91;4;2;Dan-Axel Zagadou;Frankreich;7;0;1;
92;4;29;Marcel Schmelzer;Deutschland;2;0;0;
93;4;18;Leonardo Balerdi;Argentinien;1;0;0;
94;4;22;Mateu Morey;Spanien;0;0;0;
95;4;19;Julian Brandt;Deutschland;18;3;1;
96;4;11;Marco Reus;Deutschland;17;9;4;
97;4;23;Thorgan Hazard;Belgien;17;4;9;
98;4;28;Axel Witsel;Belgien;14;3;3;
99;4;10;Mario Götze;Deutschland;11;3;0;
100;4;8;Mahmoud Dahoud;Deutschland;7;0;0;
101;4;6;Thomas Delaney;Dänemark;6;0;0;
102;4;;Chris Fuhrich;Deutschland;0;0;0;
103;4;31;Patrick Osterhage;Deutschland;0;0;0;
104;4;37;Tobias Raschl;Deutschland;0;0;0;
105;4;9;Paco Alcácer;Spanien;11;5;1;
106;4;34;Jacob Bruun Larsen;Dänemark;4;0;1;
107;4;17;Erling Haaland;Norwegen;1;3;0;
108;4;;Giovanni Reyna;Unbekannt;1;0;0;
109;5;;Alexander Nübel;Deutschland;15;0;0;
110;5;23;Markus Schubert;Deutschland;4;0;0;
111;5;34;Michael Langer;Österreich;0;0;0;
112;5;20;Jonjoe Kenny;England;18;1;2;
113;5;24;Bastian Oczipka;Deutschland;18;0;3;
114;5;4;Ozan Kabak;Türkei;13;3;1;
115;5;26;Salif Sané;Senegal;10;2;1;
116;5;17;Benjamin Stambouli;Frankreich;9;0;0;
117;5;5;Matija Nastasic;Serbien;6;0;0;
118;5;3;Juan Miranda;Spanien;3;0;0;
119;5;27;Jonas Carls;Deutschland;0;0;0;
120;5;;Jean-Clair Todibo;Frankreich;0;0;0;
121;5;18;Daniel Caligiuri;Italien;18;1;1;
122;5;6;Omar Mascarell;Äquatorialguinea;18;0;1;
123;5;25;Amine Harit;Marokko;17;6;4;
124;5;8;Suat Serdar;Deutschland;15;7;0;
125;5;2;Weston McKennie;Unbekannt;13;0;0;
126;5;16;Nassim Boujellab;Deutschland;2;0;0;
127;5;11;Michael Gregoritsch;Österreich;1;1;1;
128;5;45;Marcel Langer;Deutschland;0;0;0;
129;5;19;Guido Burgstaller;Österreich;16;0;1;
130;5;9;Benito Raman;Belgien;12;4;4;
131;6;1;Luká? Hrádecký;Finnland;18;0;0;
132;6;36;Niklas Lomb;Deutschland;0;0;0;
133;6;28;Ramazan Özcan;Österreich;0;0;0;
134;6;5;Sven Bender;Deutschland;18;0;0;
135;6;18;Wendell;Brasilien;15;0;2;
136;6;4;Jonathan Tah;Deutschland;14;0;0;
137;6;6;Aleksandar Dragovic;Österreich;8;0;0;
138;6;23;Mitchell Weiser;Deutschland;8;0;0;
139;6;3;Panagiotis Retsos;Griechenland;3;0;0;
140;6;11;Nadiem Amiri;Deutschland;16;0;1;
141;6;29;Kai Havertz;Deutschland;15;3;1;
142;6;38;Karim Bellarabi;Deutschland;15;2;1;
143;6;20;Charles Aránguiz;Chile;15;1;2;
144;6;15;Julian Baumgartlinger;Österreich;14;1;1;
145;6;10;Kerem Demirbay;Deutschland;13;0;2;
146;6;8;Lars Bender;Deutschland;13;0;0;
147;6;19;Moussa Diaby;Frankreich;12;1;2;
148;6;22;Daley Sinkgraven;Niederlande;5;0;0;
149;6;32;Ayman Azhil;Marokko;0;0;0;
150;6;25;Exequiel Palacios;Argentinien;0;0;0;
151;6;30;Adrian Stanilewicz;Polen;0;0;0;
152;6;31;Kevin Volland;Deutschland;18;7;6;
153;6;13;Lucas Alario;Argentinien;13;5;1;
154;6;9;Leon Bailey;Jamaika;8;3;1;
155;6;7;Paulinho;Brasilien;6;1;0;
156;6;17;Joel Pohjanpalo;Finnland;1;0;0;
157;6;;Peter Bosz;Niederlande;0;0;0;
158;7;26;Mark Flekken;Niederlande;9;0;0;
159;7;1;Alexander Schwolow;Deutschland;8;0;0;
160;7;30;Christian Günter;Deutschland;17;1;6;
161;7;25;Robin Koch;Deutschland;17;0;0;
162;7;23;Dominique Heintz;Deutschland;14;0;1;
163;7;3;Philipp Lienhart;Österreich;11;0;1;
164;7;4;Nico Schlotterbeck;Deutschland;9;0;0;
165;7;5;Manuel Gulde;Deutschland;5;0;0;
166;7;17;Lukas Kübler;Deutschland;3;0;0;
167;7;24;Gian-Luca Itter;Deutschland;0;0;0;
168;7;7;Jonathan Schmid;Frankreich;16;4;1;
169;7;27;Nicolas Höfler;Deutschland;16;1;0;
170;7;19;Janik Haberer;Deutschland;14;1;2;
171;7;32;Vincenzo Grifo;Italien;10;2;1;
172;7;28;Chang-Hoon Kwon;Republik Korea (Südkorea);9;1;0;
173;7;22;Roland Sallai;Ungarn;8;0;0;
174;7;6;Amir Abrashi;Albanien;5;0;0;
175;7;34;Lino Tempelmann;Deutschland;1;0;0;
176;7;29;Woo-yeong Jeong;Republik Korea (Südkorea);0;0;0;
177;7;38;Florian Kath;Deutschland;0;0;0;
178;7;36;Yannik Keitel;Deutschland;0;0;0;
179;7;16;Yoric Ravet;Frankreich;0;0;0;
180;7;39;Fabian Rüdlin;Deutschland;0;0;0;
181;7;18;Nils Petersen;Deutschland;17;7;0;
182;7;9;Lucas Höler;Deutschland;17;4;2;
183;7;11;Luca Waldschmidt;Deutschland;10;4;0;
184;7;;Christian Streich;Deutschland;0;0;0;
185;8;1;Oliver Baumann;Deutschland;17;0;0;
186;8;12;Philipp Pentke;Deutschland;1;0;0;
187;8;;Michael Esser;Deutschland;0;0;0;
188;8;38;Stefan Posch;Österreich;14;0;0;
189;8;4;Ermin Bicakcic;Bosnien-Herzegowina;11;2;0;
190;8;21;Benjamin Hübner;Deutschland;11;1;1;
191;8;25;Kevin Akpoguma;Deutschland;10;0;0;
192;8;5;Kostas Stafylidis;Griechenland;7;1;0;
193;8;6;Havard Nordtveit;Norwegen;4;0;1;
194;8;32;Melayro Bogarde;Niederlande;0;0;0;
195;8;2;Joshua Brenet;Niederlande;0;0;0;
196;8;31;Lucas Ribeiro;Brasilien;0;0;0;
197;8;16;Sebastian Rudy;Deutschland;17;1;2;
198;8;11;Florian Grillitsch;Österreich;16;0;3;
199;8;14;Christoph Baumgartner;Österreich;10;1;1;
200;8;18;Diadie Samassekou;Mali;7;0;0;
201;8;17;Steven Zuber;Schweiz;1;0;0;
202;8;41;Ilay Eliyau Elmkies;Israel;0;0;0;
203;8;;Alfred Schreuder;Niederlande;0;0;0;
204;8;9;Ihlas Bebou;Togo;18;3;0;
205;8;29;Robert Skov;Dänemark;16;2;4;
206;8;37;Jürgen Locadia;Niederlande;11;4;0;
207;8;27;Andrej Kramaric;Kroatien;9;5;0;
208;8;19;Ishak Belfodil;Algerien;5;0;0;
209;8;10;Munas Dabbur;Israel;1;0;0;
210;8;35;Maximilian Beier;Deutschland;0;0;0;
211;8;23;Felipe Pires;Brasilien;0;0;0;
212;9;1;Koen Casteels;Belgien;10;0;0;
213;9;12;Pavao Pervan;Österreich;8;0;0;
214;9;35;Lino Kasten;Deutschland;0;0;0;
215;9;36;Phillip Menzel;Deutschland;0;0;0;
216;9;15;Jérôme Roussillon;Frankreich;16;1;1;
217;9;2;William;Brasilien;14;1;1;
218;9;32;Marcel Tisserand;Kongo DR;13;1;0;
219;9;25;John Brooks;Unbekannt;12;0;1;
220;9;31;Robin Knoche;Deutschland;11;0;0;
221;9;5;Jeffrey Bruma;Niederlande;9;0;0;
222;9;13;Yannick Gerhardt;Deutschland;9;0;0;
223;9;19;Kevin Mbabu;Schweiz;6;1;0;
224;9;6;Paulo Otávio;Brasilien;1;0;0;
225;9;;Oliver Glasner;Österreich;0;0;0;
226;9;;Marin Pongracic;Kroatien;0;0;0;
227;9;27;Maximilian Arnold;Deutschland;18;2;2;
228;9;23;Josuha Guilavogui;Frankreich;18;0;1;
229;9;40;Victor João;Brasilien;17;1;0;
230;9;7;Josip Brekalo;Kroatien;16;2;4;
231;9;11;Felix Klaus;Deutschland;14;0;0;
232;9;8;Renato Steffen;Schweiz;12;1;0;
233;9;14;Admir Mehmedi;Schweiz;10;1;1;
234;9;24;Xaver Schlager;Österreich;9;1;1;
235;9;4;Ignacio Camacho;Spanien;0;0;0;
236;9;9;Wout Weghorst;Niederlande;18;7;2;
237;9;22;Lukas Nmecha;Deutschland;6;0;0;
238;10;21;Tomas Koubek;Tschechien;18;0;0;
239;10;13;Fabian Giefer;Deutschland;0;0;0;
240;10;18;Tin Jedvaj;Kroatien;17;1;0;
241;10;31;Philipp Max;Deutschland;16;6;5;
242;10;2;Stephan Lichtsteiner;Schweiz;14;0;1;
243;10;19;Felix Ohis Uduokhai;Deutschland;13;0;0;
244;10;6;Jeffrey Gouweleeuw;Niederlande;9;0;0;
245;10;36;Reece Oxford;England;8;0;0;
246;10;22;Iago;Brasilien;6;1;0;
247;10;32;Raphael Framberger;Deutschland;5;0;0;
248;10;3;Mads Pedersen;Dänemark;2;0;1;
249;10;5;Marek Suchý;Tschechien;2;0;0;
250;10;15;Jozo Stanic;Kroatien;0;0;0;
251;10;16;Ruben Vargas;Schweiz;18;3;1;
252;10;8;Rani Khedira;Deutschland;17;0;2;
253;10;23;Marco Richter;Deutschland;14;4;2;
254;10;10;Daniel Baier;Deutschland;13;1;0;
255;10;28;Andre Hahn;Deutschland;9;1;0;
256;10;24;Fredrik Jensen;Finnland;9;1;0;
257;10;25;Carlos Gruezo;Ecuador;2;0;0;
258;10;34;Georg Teigl;Österreich;2;0;0;
259;10;;Eduard Löwen;Deutschland;1;0;0;
260;10;4;Felix Götze;Deutschland;0;0;0;
261;10;7;Florian Niederlechner;Deutschland;18;10;6;
262;10;9;Sergio Córdova;Venezuela;10;1;1;
263;10;27;Alfred Finnbogason;Island;9;2;1;
264;10;20;Julian Schieber;Deutschland;2;0;0;
265;10;;Martin Schmidt;Schweiz;0;0;0;
266;11;32;Frederik Rönnow;Dänemark;8;0;0;
267;11;1;Kevin Trapp;Deutschland;7;0;0;
268;11;29;Felix Wiedwald;Deutschland;3;0;0;
269;11;37;Jan Zimmermann;Deutschland;0;0;0;
270;11;13;Martin Hinteregger;Österreich;16;6;1;
271;11;24;Danny Da Costa;Deutschland;12;1;3;
272;11;18;Almamy Touré;Mali;10;0;2;
273;11;22;Timothy Chandler;Unbekannt;9;1;1;
274;11;19;David Abraham;Argentinien;9;1;0;
275;11;2;Evan N`Dicka;Frankreich;9;0;1;
276;11;25;Erik Durm;Deutschland;6;0;0;
277;11;23;Marco Russ;Deutschland;0;0;0;
278;11;10;Filip Kostic;Serbien;17;1;7;
279;11;8;Djibril Sow;Schweiz;16;1;2;
280;11;15;Daichi Kamada;Japan;16;0;2;
281;11;17;Sebastian Rode;Deutschland;14;2;0;
282;11;28;Dominik Kohr;Deutschland;13;0;1;
283;11;20;Makoto Hasebe;Japan;13;0;0;
284;11;11;Mijat Gacinovic;Serbien;11;0;1;
285;11;5;Gelson Fernandes;Schweiz;9;0;0;
286;11;16;Lucas Torró;Spanien;3;0;0;
287;11;6;Jonathan De Guzmán;Niederlande;1;0;0;
288;11;28;Aymen Barkok;Deutschland;0;0;0;
289;11;42;Marijan Cavar;Bosnien-Herzegowina;0;0;0;
290;11;38;Patrick Finger;Deutschland;0;0;0;
291;11;39;Gonçalo Paciência;Portugal;16;7;1;
292;11;9;Bas Dost;Niederlande;12;5;0;
293;11;33;André Silva;Portugal;10;3;1;
294;11;7;Dejan Joveljic;Serbien;4;0;0;
295;11;;Adolf Hütter;Österreich;0;0;0;
296;12;1;Rafal Gikiewicz;Polen;18;0;0;
297;12;12;Jakob Busk;Dänemark;0;0;0;
298;12;35;Moritz Nicolas;Deutschland;0;0;0;
299;12;39;Leo Oppermann;Deutschland;0;0;0;
300;12;28;Christopher Trimmel;Österreich;17;0;4;
301;12;5;Marvin Friedrich;Deutschland;17;0;0;
302;12;25;Christopher Lenz;Deutschland;17;0;0;
303;12;3;Neven Subotic;Deutschland;12;0;0;
304;12;31;Keven Schlotterbeck;Deutschland;9;0;0;
305;12;19;Florian Hübner;Deutschland;5;0;0;
306;12;14;Ken Reichel;Deutschland;2;0;0;
307;12;33;Lennard Maloney;Unbekannt;0;0;0;
308;12;30;Robert Andrich;Deutschland;17;0;1;
309;12;34;Christian Gentner;Deutschland;17;0;1;
310;12;8;Joshua Mees;Deutschland;7;0;0;
311;12;23;Felix Kroos;Deutschland;6;0;0;
312;12;6;Julian Ryerson;Norwegen;5;0;1;
313;12;7;Akaki Gogia;Deutschland;3;0;0;
314;12;24;Manuel Schmiedebach;Deutschland;3;0;0;
315;12;21;Grischa Prömel;Deutschland;2;0;0;
316;12;;Yunus Malli;Türkei;1;0;0;
317;12;17;Florian Flecker;Österreich;0;0;0;
318;12;26;Julius Kade;Deutschland;0;0;0;
319;12;40;Maurice Opfermann;Deutschland;0;0;0;
320;12;10;Sebastian Andersson;Schweden;18;8;1;
321;12;15;Marius Bülter;Deutschland;17;4;0;
322;12;11;Anthony Ujah;Nigeria;15;2;0;
323;12;32;Marcus Ingvartsen;Dänemark;14;3;1;
324;12;9;Sebastian Polter;Deutschland;10;2;1;
325;12;27;Sheraldo Becker;Niederlande;10;0;2;
326;12;20;Suleiman Abdullahi;Nigeria;4;0;0;
327;12;16;Laurenz Dehl;Deutschland;0;0;0;
328;12;;Urs Fischer;Schweiz;0;0;0;
329;13;1;Timo Horn;Deutschland;18;0;0;
330;13;32;Julian Krahl;Deutschland;0;0;0;
331;13;31;Brady Scott;Unbekannt;0;0;0;
332;13;33;Sebastiaan Bornauw;Belgien;17;3;0;
333;13;5;Rafael Czichos;Deutschland;16;1;1;
334;13;19;Kingsley Ehizibue;Niederlande;16;0;0;
335;13;34;Noah Katterbach;Deutschland;9;0;0;
336;13;38;Ismail Jakobs;Deutschland;7;1;0;
337;13;2;Benno Erik Schmitz;Deutschland;6;0;0;
338;13;22;Jorge Meré;Spanien;5;0;0;
339;13;3;Lasse Sobiech;Deutschland;1;0;0;
340;13;14;Jonas Hector;Deutschland;17;3;1;
341;13;28;Ellyes Skhiri;Tunesien;16;1;3;
342;13;24;Dominick Drexler;Deutschland;14;2;1;
343;13;30;Florian Kainz;Österreich;13;0;3;
344;13;11;Kingsley Schindler;Deutschland;11;0;2;
345;13;8;Birger Verstraete;Belgien;9;0;1;
346;13;6;Marco Höger;Deutschland;9;0;0;
347;13;7;Marcel Risse;Deutschland;6;0;2;
348;13;17;Christian Clemens;Deutschland;0;0;0;
349;13;36;Niklas Hauptmann;Deutschland;0;0;0;
350;13;21;Vincent Koziello;Frankreich;0;0;0;
351;13;;Elvis Rexhbecaj;Albanien;0;0;0;
352;13;9;Simon Terodde;Deutschland;16;3;0;
353;13;15;Jhon Córdoba;Kolumbien;15;6;0;
354;13;27;Anthony Modeste;Frankreich;14;1;1;
355;13;;Mark Uth;Deutschland;1;0;1;
356;13;;Markus Gisdol;Deutschland;0;0;0;
357;14;22;Rune Jarstein;Norwegen;16;0;0;
358;14;1;Thomas Kraft;Deutschland;2;0;0;
359;14;13;Lukas Klünter;Deutschland;16;0;1;
360;14;20;Dedryck Boyata;Belgien;15;1;1;
361;14;17;Maximilian Mittelstädt;Deutschland;14;1;0;
362;14;5;Niklas Stark;Deutschland;12;0;0;
363;14;4;Karim Rekik;Niederlande;11;1;0;
364;14;21;Marvin Plattenhardt;Deutschland;9;0;0;
365;14;29;Florian Baak;Deutschland;0;0;0;
366;14;2;Peter Pekarík;Slowakei;0;0;0;
367;14;28;Dodi Lukebakio;Belgien;17;4;3;
368;14;15;Marko Grujic;Serbien;16;3;1;
369;14;3;Per Ciljan Skjelbred;Norwegen;13;0;0;
370;14;8;Salomon Kalou;Elfenbeinküste;5;1;0;
371;14;23;Arne Maier;Deutschland;2;0;0;
372;14;18;Santiago Ascacibar;Argentinien;1;0;0;
373;14;39;Julian Albrecht;Deutschland;0;0;0;
374;14;27;Davie Selke;Deutschland;18;1;1;
375;14;30;Marius Wolf;Deutschland;15;1;2;
376;14;19;Vedad Ibisevic;Bosnien-Herzegowina;12;3;1;
377;14;;Jürgen Klinsmann;Deutschland;0;0;0;
378;15;27;Robin Zentner;Deutschland;14;0;0;
379;15;1;Florian Müller;Deutschland;3;0;0;
380;15;37;Finn Dahmen;Deutschland;0;0;0;
381;15;19;Moussa Niakhaté;Frankreich;16;0;1;
382;15;3;Aaaron Martin;Spanien;15;0;0;
383;15;18;Daniel Brosinski;Deutschland;14;2;1;
384;15;4;Jeremiah St. Juste;Niederlande;14;1;0;
385;15;42;Alexander Hack;Deutschland;8;0;0;
386;15;2;Ronaël Pierre-Gabriel;Frankreich;3;0;1;
387;15;16;Stefan Bell;Deutschland;0;0;0;
388;15;31;Ahmet Gürleyen;Deutschland;0;0;0;
389;15;32;Niklas Kolle;Deutschland;0;0;0;
390;15;23;Philipp Mwene;Österreich;0;0;0;
391;15;5;Jean-Paul Boëtius;Niederlande;17;3;5;
392;15;14;Pierre Kunde;Kamerun;15;2;1;
393;15;20;Edimilson Fernandes;Schweiz;15;0;0;
394;15;34;Ridle Baku;Deutschland;14;0;0;
395;15;8;Levin Öztunali;Deutschland;12;3;2;
396;15;6;Danny Latza;Deutschland;10;0;1;
397;15;10;Alexandru Maxim;Rumänien;5;0;0;
398;15;38;Erkan Eyibil;Deutschland;0;0;0;
399;15;7;Robin Quaison;Schweden;16;7;1;
400;15;28;Ádám Szalai;Ungarn;14;1;2;
401;15;22;Taiwo Awoniyi;Nigeria;6;0;0;
402;15;9;Jean-Philippe Mateta;Frankreich;3;1;0;
403;15;11;Dong Won Ji;Republik Korea (Südkorea);0;0;0;
404;15;;Achim Beierlorzer;Deutschland;0;0;0;
405;16;1;Jiri Pavlenka;Tschechien;18;0;0;
406;16;27;Stefanos Kapino;Griechenland;0;0;0;
407;16;23;Theodor Gebre Selassie;Tschechien;15;1;0;
408;16;32;Marco Friedl;Österreich;14;1;1;
409;16;13;Milo? Veljkovic;Serbien;11;0;0;
410;16;4;Michael Lang;Schweiz;8;0;0;
411;16;18;Niklas Moisander;Finnland;7;0;0;
412;16;5;Ludwig Augustinsson;Schweden;6;0;1;
413;16;21;Ömer Toprak;Türkei;5;0;0;
414;16;15;Sebastian Langkamp;Deutschland;3;0;0;
415;16;;Kevin Vogt;Deutschland;1;0;0;
416;16;30;Davy Klaassen;Niederlande;18;3;3;
417;16;35;Maximilian Eggestein;Deutschland;17;0;2;
418;16;7;Milot Rashica;Kosovo;14;7;4;
419;16;17;Nuri Sahin;Türkei;14;0;3;
420;16;10;Leonardo Bittencourt;Deutschland;13;2;0;
421;16;44;Philipp Bargfrede;Deutschland;9;0;0;
422;16;36;Christian Groß;Deutschland;9;0;0;
423;16;6;Kevin Möhwald;Deutschland;1;0;0;
424;16;31;David Lennart Philipp;Deutschland;0;0;0;
425;16;26;Simon Straudi;Italien;0;0;0;
426;16;8;Yuya Osako;Japan;13;4;1;
427;16;19;Josh Sargent;Unbekannt;12;2;2;
428;16;14;Claudio Pizarro;Peru;12;0;0;
429;16;11;Niclas Füllkrug;Deutschland;4;2;1;
430;16;;Jonah Osabutey;Ghana;0;0;0;
431;16;;Florian Kohfeldt;Deutschland;0;0;0;
432;17;24;Zack Steffen;Unbekannt;17;0;0;
433;17;33;Florian Kastenmeier;Deutschland;1;0;0;
434;17;12;Maduka Okoye;Nigeria;0;0;0;
435;17;38;Tim Wiesner;Deutschland;0;0;0;
436;17;30;Raphael Wolf;Deutschland;0;0;0;
437;17;25;Matthias Zimmermann;Deutschland;18;0;0;
438;17;5;Kaan Ayhan;Türkei;17;1;2;
439;17;13;Adam Bodzek;Deutschland;16;0;0;
440;17;23;Niko Gießelmann;Deutschland;15;1;1;
441;17;3;André Hoffmann;Deutschland;14;0;1;
442;17;4;Kasim Nuhu;Ghana;11;1;0;
443;17;39;Jean Zimmer;Deutschland;11;0;0;
444;17;29;Markus Suttner;Österreich;6;0;0;
445;17;32;Robin Bormuth;Deutschland;3;0;0;
446;17;26;Diego Contento;Deutschland;0;0;0;
447;17;35;Michel Stöcker;Deutschland;0;0;0;
448;17;15;Erik Thommy;Deutschland;18;2;5;
449;17;6;Alfredo Morales;Unbekannt;13;1;1;
450;17;7;Oliver Fink;Deutschland;11;0;2;
451;17;34;Lewis Baker;England;8;0;0;
452;17;31;Marcel Sobottka;Deutschland;8;0;0;
453;17;18;Thomas Pledl;Deutschland;3;0;0;
454;17;22;Kevin Stöger;Österreich;1;0;0;
455;17;36;Shinta Karl Appelkamp;Deutschland;0;0;0;
456;17;40;Johannes Bühler;Deutschland;0;0;0;
457;17;28;Rouwen Hennings;Deutschland;17;11;0;
458;17;9;Dawid Kownacki;Polen;16;0;0;
459;17;11;Kenan Karaman;Türkei;8;1;1;
460;17;37;Bernard Tekpetey;Ghana;8;0;0;
461;17;27;Nana Opoku Ampomah;Ghana;7;0;0;
462;17;;Steven Skrzybski;Deutschland;1;0;0;
463;17;14;Kelvin Ofori;Ghana;0;0;0;
464;17;;Friedhelm Funkel;Deutschland;0;0;0;
465;18;17;Leopold Zingerle;Deutschland;12;0;0;
466;18;21;Jannik Huth;Deutschland;6;0;0;
467;18;1;Michael Ratajczak;Deutschland;0;0;0;
468;18;15;Luca Kilian;Deutschland;13;0;0;
469;18;25;Mohamed Dräger;Tunesien;11;0;2;
470;18;20;Laurent Jans;Luxemburg;9;0;1;
471;18;2;Uwe Hünemeier;Deutschland;7;0;0;
472;18;5;Christian Strohdiek;Deutschland;5;0;0;
473;18;28;Justin Reineke;Deutschland;0;0;0;
474;18;4;Jan-Luca Rumpf;Deutschland;0;0;0;
475;18;22;Christopher Antwi-Adjej;Deutschland;18;0;1;
476;18;8;Klaus Gjasula;Albanien;17;1;1;
477;18;39;Sebastian Vasiliadis;Griechenland;17;0;2;
478;18;9;Kai Pröger;Deutschland;16;2;4;
479;18;38;Gerrit Holtmann;Deutschland;13;1;0;
480;18;19;Abdelhamid Sabiri;Deutschland;11;2;0;
481;18;7;Marlon Ritter;Deutschland;3;0;0;
482;18;12;Dominik Bilogrevic;Kroatien;0;0;0;
483;18;16;Johannes Dörfler;Deutschland;0;0;0;
484;18;6;Samúel Kári Friðjónsson;Island;0;0;0;
485;18;33;Marcel Hilßner;Deutschland;0;0;0;
486;18;24;Rifet Kapic;Bosnien-Herzegowina;0;0;0;
487;18;14;Adrian Oeynhausen;Deutschland;0;0;0;
488;18;11;Sven Michel;Deutschland;18;2;1;
489;18;31;Ben Zolinski;Deutschland;15;2;0;
490;18;30;Streli Mamba;Deutschland;14;5;1;
491;18;27;Babacar Guèye;Senegal;3;0;0;
492;18;;Dennis Srbeny;Deutschland;1;1;0;
493;18;;Steffen Baumgart;Deutschland;0;0;0;
494;19;1;Stefan Ortega;Deutschland;18;0;2;
495;19;31;Agoston Kiss;Ungarn;0;0;0;
496;19;40;Philipp Klewin;Deutschland;0;0;0;
497;19;25;Jonathan Clauss;Frankreich;18;2;2;
498;19;8;Florian Hartherz;Deutschland;18;0;2;
499;19;4;Joakim Nilsson;Schweden;16;1;1;
500;19;2;Amos Pieper;Deutschland;15;0;0;
501;19;27;Cédric Brunner;Schweiz;12;0;2;
502;19;11;Stephan Salger;Deutschland;9;0;0;
503;19;3;Brian Behrendt;Österreich;4;0;0;
504;19;24;Alex Perez;Spanien;3;0;0;
505;19;23;Anderson Lucoqui;Deutschland;0;0;0;
506;19;19;Manuel Prietl;Österreich;17;2;1;
507;19;30;Marcel Hartel;Deutschland;17;0;5;
508;19;14;Jóan Edmundsson;Färöer;16;4;1;
509;19;29;Cebio Soukou;Benin;15;1;3;
510;19;10;Reinhold Yabo;Deutschland;11;2;0;
511;19;20;Nils Seufert;Deutschland;6;0;0;
512;19;32;Keanu Staude;Deutschland;5;0;0;
513;19;16;Fabian Kunze;Deutschland;2;0;0;
514;19;38;Jomaine Consbruch;Deutschland;1;0;0;
515;19;7;Patrick Weihrauch;Deutschland;0;0;0;
516;19;21;Andreas Voglsammer;Deutschland;18;9;5;
517;19;9;Fabian Klos;Deutschland;17;13;2;
518;19;18;Nils Quaschner;Deutschland;0;0;0;
519;19;36;Sven Schipplock;Deutschland;0;0;0;
520;19;;Uwe Neuhaus;Deutschland;0;0;0;
521;20;1;Daniel Fernandes;Portugal;18;0;0;
522;20;33;Julian Pollersbeck;Deutschland;1;0;0;
523;20;12;Tom Mickel;Deutschland;0;0;0;
524;20;21;Tim Leibold;Deutschland;18;0;5;
525;20;4;Rick Van Drongelen;Niederlande;16;0;1;
526;20;28;Gideon Jung;Deutschland;15;0;0;
527;20;25;Timo Letschert;Niederlande;9;1;0;
528;20;27;Josha Vagnoman;Deutschland;7;1;0;
529;20;2;Jan Gyamerah;Deutschland;5;0;0;
530;20;5;Ewerton;Brasilien;3;0;0;
531;20;35;Stephan Ambrosius;Deutschland;0;0;0;
532;20;26;Tobias Knost;Deutschland;0;0;0;
533;20;10;Sonny Kittel;Deutschland;18;9;1;
534;20;29;Adrian Fein;Deutschland;18;1;2;
535;20;8;Jeremy Dudziak;Deutschland;17;2;0;
536;20;6;David Kinsombi;Deutschland;15;3;1;
537;20;18;Bakery Jatta;Gambia;15;3;0;
538;20;7;Khaled Narey;Deutschland;13;1;2;
539;20;14;Aaron Hunt;Deutschland;10;3;0;
540;20;13;Christoph Moritz;Deutschland;6;0;1;
541;20;34;Jonas David;Deutschland;1;0;0;
542;20;;Louis Schaub;Österreich;0;0;0;
543;20;16;Lukas Hinterseer;Österreich;16;6;2;
544;20;22;Martin Harnik;Österreich;11;2;2;
545;20;23;Jairo Samperio;Spanien;11;1;0;
546;20;11;Bobby Wood;Unbekannt;6;0;0;
547;20;17;Xavier Amaechi;England;1;0;0;
548;20;;Dieter Hecking;Deutschland;0;0;0;
549;21;1;Gregor Kobel;Schweiz;15;0;0;
550;21;33;Fabian Bredlow;Deutschland;4;0;0;
551;21;13;Jens Grahl;Deutschland;0;0;0;
552;21;15;Pascal Stenzel;Deutschland;18;0;0;
553;21;28;Holger Badstuber;Deutschland;14;2;0;
554;21;4;Marc Kempf;Deutschland;13;1;1;
555;21;24;Borna Sosa;Kroatien;10;1;2;
556;21;;Nathaniel Phillips;England;9;0;1;
557;21;2;Emiliano Insúa;Argentinien;6;0;0;
558;21;17;Maxime Awoudja;Deutschland;2;0;0;
559;21;38;David Grözinger;Deutschland;0;0;0;
560;21;8;Gonzalo Castro;Deutschland;16;0;6;
561;21;20;Philipp Förster;Deutschland;12;3;1;
562;21;10;Daniel Didavi;Deutschland;11;3;3;
563;21;16;Atakan Karazor;Deutschland;11;0;0;
564;21;21;Philipp Klement;Deutschland;10;0;2;
565;21;3;Wataru Endo;Japan;6;0;0;
566;21;31;Mateo Klimowicz;Argentinien;3;0;0;
567;21;30;Roberto Massimo;Deutschland;3;0;0;
568;21;;Darko Churlinov;Mazedonien;0;0;0;
569;21;25;Lilian Egloff;Deutschland;0;0;0;
570;21;36;Luca Mack;Deutschland;0;0;0;
571;21;18;Hamadi Al Ghaddioui;Deutschland;15;5;1;
572;21;14;Silas Wamangituka;Kongo;14;5;1;
573;21;22;Nicolás González;Argentinien;13;5;1;
574;21;27;Mario Gómez;Deutschland;13;2;1;
575;21;7;Tanguy Coulibaly;Frankreich;1;0;0;
576;21;9;Sasa Kalajdzic;Österreich;0;0;0;
577;21;;Tim Walter;Deutschland;0;0;0;
578;22;1;Kevin Müller;Deutschland;17;0;0;
579;22;22;Vitus Eicher;Deutschland;1;0;0;
580;22;39;Kevin Ibrahim;Deutschland;0;0;0;
581;22;40;Diant Ramaj;Kosovo;0;0;0;
582;22;2;Marnon Busch;Deutschland;17;0;0;
583;22;6;Patrick Mainka;Deutschland;16;0;1;
584;22;5;Oliver Hüsing;Deutschland;13;0;0;
585;22;19;Jonas Föhrenbach;Deutschland;10;1;0;
586;22;33;Timo Beermann;Deutschland;10;0;1;
587;22;28;Arne Feick;Deutschland;4;0;0;
588;22;29;Robert Strauß;Deutschland;2;0;0;
589;22;30;Norman Theuerkauf;Deutschland;18;1;1;
590;22;7;Marc Schnatterer;Deutschland;17;2;7;
591;22;36;Niklas Dorsch;Deutschland;17;2;0;
592;22;18;Sebastian Griesbeck;Deutschland;16;2;0;
593;22;27;Konstantin Kerschbaumer;Österreich;11;0;2;
594;22;17;Maurice Multhaup;Deutschland;10;1;0;
595;22;23;Merveille Biankadi;Kongo DR;6;0;0;
596;22;31;Jonas Brändle;Deutschland;0;0;0;
597;22;35;Andrew Owusu;Deutschland;0;0;0;
598;22;16;Kevin Sessa;Deutschland;0;0;0;
599;22;21;Maximilian Thiel;Deutschland;0;0;0;
600;22;13;Robert Leipertz;Deutschland;18;6;1;
601;22;10;Tim Kleindienst;Deutschland;13;7;3;
602;22;26;David Otto;Deutschland;13;1;3;
603;22;9;Stefan Schimmer;Deutschland;11;3;0;
604;22;11;Denis Thomalla;Deutschland;6;1;0;
605;22;;Frank Schmidt;Deutschland;0;0;0;
606;23;1;Martin Männel;Deutschland;18;0;0;
607;23;34;Daniel Haas;Deutschland;0;0;0;
608;23;40;Robert Jendrusch;Deutschland;0;0;0;
609;23;26;Sören Gonther;Deutschland;17;1;0;
610;23;3;Marko Mihojevic;Bosnien-Herzegowina;17;1;0;
611;23;20;Calogero Rizzuto;Deutschland;16;0;1;
612;23;15;Dennis Kempe;Deutschland;10;0;0;
613;23;4;Fabian Kalig;Deutschland;9;0;1;
614;23;36;Filip Kusic;Deutschland;5;0;0;
615;23;21;Malcolm Cacutalua;Deutschland;1;0;0;
616;23;12;Steve Breitkreuz;Deutschland;0;0;0;
617;23;;Jacob Rasmussen;Dänemark;0;0;0;
618;23;8;Tom Baumgart;Deutschland;17;2;1;
619;23;17;Philipp Riese;Deutschland;17;1;2;
620;23;7;Jan Hochscheidt;Deutschland;16;5;2;
621;23;5;Clemens Fandrich;Deutschland;16;0;1;
622;23;13;Louis Samson;Deutschland;6;0;0;
623;23;24;John-Patrick Strauß;Philippinen;5;1;0;
624;23;25;Dominik Wydra;Österreich;4;0;0;
625;23;6;Hikmet Ciftci;Türkei;1;0;0;
626;23;23;Nicolas Sessa;Argentinien;1;0;0;
627;23;16;Erik Majetschak;Deutschland;0;0;0;
628;23;10;Dimitrij Nazarov;Aserbaidschan;18;7;1;
629;23;11;Florian Krüger;Deutschland;16;4;2;
630;23;14;Philipp Zulechner;Österreich;16;0;0;
631;23;37;Pascal Testroet;Deutschland;14;4;3;
632;23;33;Christoph Daferner;Deutschland;10;1;0;
633;23;27;Njegos Kupusovic;Serbien;0;0;0;
634;24;22;Philipp Kühn;Deutschland;15;0;0;
635;24;1;Nils Körber;Deutschland;4;0;0;
636;24;21;Laurenz Beckemeyer;Deutschland;0;0;0;
637;24;32;David Buchholz;Deutschland;0;0;0;
638;24;13;Joost van Aken;Niederlande;15;1;0;
639;24;19;Kevin Wolze;Deutschland;13;2;2;
640;24;7;Bashkim Ajdini;Deutschland;13;1;1;
641;24;27;Felix Agu;Deutschland;13;0;4;
642;24;17;Adam Su?ac;Kroatien;5;0;0;
643;24;5;Konstantin Engel;Kasachstan;0;0;0;
644;24;34;Simon Haubrock;Deutschland;0;0;0;
645;24;16;Thomas Konrad;Deutschland;0;0;0;
646;24;18;Maurice Trapp;Deutschland;0;0;0;
647;24;6;Moritz Heyer;Deutschland;18;3;0;
648;24;23;David Blacha;Deutschland;17;2;0;
649;24;8;Ulrich Taffertshofer;Deutschland;17;0;1;
650;24;10;Anas Ouahim;Marokko;14;2;0;
651;24;31;Niklas Schmidt;Deutschland;11;3;1;
652;24;25;Sven Köhler;Deutschland;10;0;0;
653;24;4;Lukas Gugganig;Österreich;9;0;0;
654;24;29;Bryan Henning;Deutschland;8;2;1;
655;24;11;Nico Granatowski;Deutschland;5;0;0;
656;24;2;Manuel Farrona-Pulido;Deutschland;3;0;0;
657;24;24;Alexander Riemann;Deutschland;0;0;0;
658;24;;Daniel Thioune;Deutschland;0;0;0;
659;24;9;Marcos Alvarez;Deutschland;17;8;0;
660;24;20;Marc Heider;Unbekannt;17;0;2;
661;24;14;Etienne Amenyido;Deutschland;11;1;0;
662;24;30;Benjamin Girth;Deutschland;8;0;0;
663;24;28;Kevin Friesenbichler;Österreich;6;0;0;
664;25;1;Alexander Meyer;Deutschland;18;0;1;
665;25;33;André Weis;Deutschland;0;0;0;
666;25;36;Chima Okoroji;England;18;1;2;
667;25;14;Marcel Correia;Deutschland;16;0;0;
668;25;6;Benedikt Saller;Deutschland;13;1;2;
669;25;5;Benedikt Gimber;Deutschland;10;0;0;
670;25;34;Tim Knipping;Deutschland;6;1;0;
671;25;17;Oliver Hein;Deutschland;5;0;1;
672;25;3;Alexander Nandzik;Deutschland;3;0;0;
673;25;22;Sebastian Stolze;Deutschland;17;4;6;
674;25;7;Max Besuschkow;Deutschland;17;3;1;
675;25;9;Jann George;Deutschland;16;4;2;
676;25;8;Andreas Geipl;Deutschland;10;0;0;
677;25;20;Federico Palacios;Deutschland;7;1;0;
678;25;11;Florian Heister;Deutschland;7;0;0;
679;25;31;Tom Baack;Deutschland;3;1;0;
680;25;18;Marc Lais;Deutschland;2;0;0;
681;25;10;Julian Derstroff;Deutschland;1;0;0;
682;25;15;Marco Grüttner;Deutschland;18;6;2;
683;25;19;Andreas Albers;Dänemark;17;6;2;
684;25;13;Erik Wekesser;Deutschland;14;0;1;
685;25;21;Jan-Marc Schneider;Deutschland;9;2;0;
686;25;23;Nicolas Wähling;Deutschland;2;0;0;
687;26;5;Mergim Mavraj;Albanien;17;0;0;
688;26;3;Maximilian Wittek;Deutschland;14;0;1;
689;26;18;Marco Meyerhöfer;Deutschland;11;0;0;
690;26;23;Paul Jaeckel;Deutschland;7;1;0;
691;26;33;Paul Seguin;Deutschland;16;1;1;
692;26;37;Julian Green;Unbekannt;13;4;0;
693;26;14;Hans Nunoo Sarpei;Ghana;13;0;0;
694;26;40;Jamie Leweling;Deutschland;10;2;1;
695;26;27;Kenny Prince Redondo;Deutschland;6;0;0;
696;26;;Stefan Leitl;Deutschland;0;0;0;
697;26;16;Havard Nielsen;Norwegen;18;2;2;
698;26;10;Daniel Keita-Ruel;Frankreich;17;5;2;
699;26;17;Branimir Hrgota;Schweden;16;8;1;
700;26;34;Marvin Stefaniak;Deutschland;11;0;1;
701;26;9;Shawn Parker;Deutschland;0;0;0;
702;27;1;Martin Fraisl;Österreich;18;0;0;
703;27;15;Philipp Heerwagen;Deutschland;0;0;0;
704;27;2;Aleksandr Schirow;Russland;18;1;0;
705;27;18;Dennis Diekmeier;Deutschland;18;0;0;
706;27;22;Gerrit Nauber;Deutschland;18;0;0;
707;27;19;Leart Paqarada;Kosovo;17;0;4;
708;27;30;Sören Dieckmann;Deutschland;1;0;0;
709;27;39;Roman Hauk;Deutschland;0;0;0;
710;27;23;Markus Karl;Deutschland;0;0;0;
711;27;24;Philipp Klingmann;Deutschland;0;0;0;
712;27;4;Jesper Verlaat;Niederlande;0;0;0;
713;27;7;Philip Türpitz;Deutschland;15;1;0;
714;27;6;Denis Linsmayer;Deutschland;15;0;0;
715;27;27;Robin Scheu;Deutschland;13;1;1;
716;27;5;Marlon Frey;Deutschland;11;0;0;
717;27;17;Erik Zenga;Deutschland;10;1;0;
718;27;29;Ivan Paurevic;Kroatien;10;0;0;
719;27;26;Besar Halimi;Kosovo;8;1;0;
720;27;20;Emanuel Taffertshofer;Deutschland;4;0;0;
721;27;21;Enrique Peña Zauner;Venezuela;2;0;0;
722;27;25;Felix Müller;Deutschland;0;0;0;
723;27;16;Kevin Behrens;Deutschland;18;7;2;
724;27;8;Mario Engels;Deutschland;14;2;2;
725;27;11;Aziz Bouhaddouz;Marokko;12;6;1;
726;27;10;Julius Biada;Deutschland;10;0;0;
727;27;9;Rúrik Gislason;Island;10;0;0;
728;27;;Uwe Koschinat;Deutschland;0;0;0;
729;28;30;Ioannis Gelios;Griechenland;10;0;0;
730;28;24;Hauke Wahl;Deutschland;18;0;2;
731;28;15;Johannes Van den Bergh;Deutschland;15;0;3;
732;28;3;Dominik Schmidt;Deutschland;13;0;1;
733;28;25;Phil Neumann;Deutschland;13;0;0;
734;28;22;Aleksandar Ignjovski;Serbien;9;0;0;
735;28;6;Darko Todorovic;Bosnien-Herzegowina;6;0;0;
736;28;2;Young-Jae Seo;Republik Korea (Südkorea);4;0;0;
737;28;20;Jannik Dehm;Deutschland;0;0;0;
738;28;7;Lee Jae Sung;Republik Korea (Südkorea);18;6;2;
739;28;8;Alexander Mühling;Deutschland;17;3;2;
740;28;13;Salih Özcan;Deutschland;15;3;4;
741;28;26;Jonas Meffert;Deutschland;15;1;1;
742;28;10;David Atanga;Ghana;10;0;3;
743;28;9;Salim Khelifi;Schweiz;7;0;0;
744;28;16;Philipp Sander;Deutschland;2;0;0;
745;28;23;Janni Serra;Deutschland;16;6;3;
746;28;17;Makana Baku;Deutschland;15;4;1;
747;28;19;Emmanuel Iyoha;Deutschland;13;5;0;
748;28;18;Lion Lauberbach;Deutschland;10;0;0;
749;28;27;Finn Porath;Deutschland;5;0;0;
750;28;11;Daniel Hanslik;Deutschland;1;0;0;
751;29;30;Robin Himmelmann;Deutschland;18;0;0;
752;29;33;Svend Brodersen;Deutschland;0;0;0;
753;29;1;Leon Schmidt;Deutschland;0;0;0;
754;29;5;Marvin Knoll;Deutschland;15;0;0;
755;29;15;Daniel Buballa;Deutschland;14;0;0;
756;29;3;Leo Ostigard;Norwegen;13;0;0;
757;29;21;Jamie Lawrence;England;8;1;0;
758;29;27;Jan-Philipp Kalla;Deutschland;7;0;0;
759;29;17;Matthew Penney;England;7;0;0;
760;29;38;Florian Carstens;Deutschland;4;0;0;
761;29;8;Marc Hornschuh;Deutschland;2;0;0;
762;29;34;Mert Kuyucu;Deutschland;2;0;0;
763;29;20;Ih-yeong Park;Republik Korea (Südkorea);1;0;0;
764;29;42;Marvin Senger;Deutschland;0;0;0;
765;29;28;Waldemar Sobota;Polen;13;2;2;
766;29;43;Sebastian Ohlsson;Schweden;9;0;0;
767;29;32;Christian Joe Conteh;Deutschland;7;2;1;
768;29;7;Kevin Lankford;Deutschland;6;0;1;
769;29;23;Johannes Flum;Deutschland;4;0;0;
770;29;44;Youba Diarra;Mali;3;0;0;
771;29;31;Ersin Zehir;Deutschland;2;0;0;
772;29;26;Rico Benatelli;Deutschland;1;0;0;
773;29;9;Viktor Gyökeres;Schweden;11;5;2;
774;29;18;Dimitris Diamantakos;Griechenland;10;6;1;
775;29;29;Serkan Dursun;Deutschland;0;0;0;
776;29;35;Aurel Loubongo-M`Boungou;Deutschland;0;0;0;
777;29;;Jos Luhukay;Niederlande;0;0;0;
778;29;1;L. Schmidt;Unbekannt;0;0;0;
779;30;1;Marcel Schuhen;Deutschland;10;0;0;
780;30;31;Florian Stritzel;Deutschland;8;0;0;
781;30;24;Igor Berezovsky;Ukraine;0;0;0;
782;30;13;Carl Klaus;Deutschland;0;0;0;
783;30;38;Carl Leonhard;Deutschland;0;0;0;
784;30;35;Dario Dumic;Bosnien-Herzegowina;18;3;0;
785;30;21;Immanuel Höhn;Deutschland;18;1;1;
786;30;32;Fabian Holland;Deutschland;18;0;2;
787;30;37;Patrick Herrmann;Deutschland;16;0;0;
788;30;2;Mandela Egbo;England;5;0;0;
789;30;5;Patric Pfeiffer;Deutschland;2;0;0;
790;30;15;Mathias Wittek;Deutschland;2;0;0;
791;30;3;Sebastian Hertner;Deutschland;0;0;0;
792;30;;Nicolai Rapp;Deutschland;0;0;0;
793;30;27;Tim Skarke;Deutschland;18;2;0;
794;30;6;Marvin Mehlem;Deutschland;18;0;2;
795;30;4;Victor Pálsson;Island;15;2;0;
796;30;20;Marcel Heller;Deutschland;15;1;0;
797;30;25;Yannick Stark;Deutschland;13;0;1;
798;30;;Seung-Ho Paik;Republik Korea (Südkorea);13;0;0;
799;30;11;Tobias Kempe;Deutschland;12;3;2;
800;30;8;Fabian Schnellhardt;Deutschland;10;0;1;
801;30;18;Mathias Honsak;Österreich;10;0;0;
802;30;;Dimitris Grammozis;Griechenland;0;0;0;
803;30;33;Braydon Manu;Deutschland;0;0;0;
804;30;34;Leon Müller;Deutschland;0;0;0;
805;30;19;Serdar Dursun;Türkei;18;7;1;
806;30;40;Erich Berko;Deutschland;7;0;0;
807;30;22;Ognjen Ozegovic;Serbien;5;0;1;
808;30;9;Johannes Wurtz;Deutschland;1;0;0;
809;30;7;Felix Platte;Deutschland;0;0;0;
810;31;1;Ron-Robert Zieler;Deutschland;17;0;0;
811;31;30;Marlon Sundermann;Deutschland;0;0;0;
812;31;31;Waldemar Anton;Deutschland;16;0;0;
813;31;4;Julian Korb;Deutschland;15;1;1;
814;31;3;Miiko Albornoz;Chile;14;0;1;
815;31;28;Marcel Franke;Deutschland;13;0;0;
816;31;2;Josip Elez;Kroatien;12;0;0;
817;31;21;Jannes Horn;Deutschland;9;0;0;
818;31;5;Felipe;Brasilien;5;0;0;
819;31;20;Dennis Aogo;Deutschland;4;0;0;
820;31;24;Sebastian Jung;Deutschland;4;0;0;
821;31;22;Matthias Ostrzolek;Deutschland;4;0;0;
822;31;10;Genki Haraguchi;Japan;17;2;1;
823;31;6;Marvin Bakalorz;Deutschland;14;1;0;
824;31;19;Emil Hansson;Schweden;14;0;1;
825;31;18;Marc Stendera;Deutschland;11;0;2;
826;31;37;Justin Neiß;Deutschland;0;0;0;
827;31;34;Niklas Tarnat;Deutschland;0;0;0;
828;31;17;Marvin Ducksch;Deutschland;17;6;5;
829;31;33;Cedric Teuchert;Deutschland;10;2;2;
830;31;11;Linton Maina;Deutschland;9;1;1;
831;31;16;Sebastian Soto;Unbekannt;1;0;0;
832;31;10;John Guidetti;Schweden;0;0;0;
833;31;;Marco Stefandl;Deutschland;0;0;0;
834;31;;Kenan Kocak;Deutschland;0;0;0;
835;31;;Asif Saric;Bosnien-Herzegowina;0;0;0;
836;32;1;Manuel Riemann;Deutschland;18;0;0;
837;32;25;Patrick Drewes;Deutschland;0;0;0;
838;32;34;Paul Grave;Deutschland;0;0;0;
839;32;5;Saulo Decarli;Schweiz;16;1;0;
840;32;3;Danilo Soares;Brasilien;16;1;0;
841;32;4;Simon Lorenz;Deutschland;15;1;0;
842;32;2;Cristian Gamboa;Costa Rica;11;1;1;
843;32;6;Jordi Osei-Tutu;England;9;1;0;
844;32;37;Armel Bella-Kotchap;Deutschland;8;0;0;
845;32;21;Stefano Celozzi;Deutschland;5;0;0;
846;32;19;Patrick Fabian;Deutschland;0;0;0;
847;32;15;Maxwell Gyamfi;Deutschland;0;0;0;
848;32;38;Stylianos Kokovas;Griechenland;0;0;0;
849;32;29;Maxim Leitsch;Deutschland;0;0;0;
850;32;33;Moritz Römling;Deutschland;0;0;0;
851;32;8;Anthony Losilla;Frankreich;17;3;0;
852;32;20;Vitaly Janelt;Deutschland;12;0;0;
853;32;11;Chung-Yong Lee;Republik Korea (Südkorea);11;0;0;
854;32;7;Sebastian Maier;Deutschland;9;0;2;
855;32;23;Robert Tesche;Deutschland;9;0;1;
856;32;10;Thomas Eisfeld;Deutschland;5;0;0;
857;32;26;Görkem Sa?lam;Deutschland;0;0;0;
858;32;;Robert ?ulj;Österreich;0;0;0;
859;32;17;Danny Blum;Deutschland;18;6;7;
860;32;35;Silvère Ganvoula;Kongo;16;10;3;
861;32;9;Simon Zoller;Deutschland;15;4;2;
862;32;27;Milo? Pantovic;Serbien;11;0;1;
863;32;18;Manuel Wintzheimer;Deutschland;10;2;0;
864;32;14;Tom Weilandt;Deutschland;10;0;0;
865;32;28;Ulrich Bapoh;Deutschland;4;1;0;
866;33;1;Benjamin Uphoff;Deutschland;18;0;0;
867;33;35;Marius Gersbeck;Deutschland;0;0;0;
868;33;28;Sven Müller;Deutschland;0;0;0;
869;33;29;Mario Schragl;Österreich;0;0;0;
870;33;3;Daniel Gordon;Jamaika;18;3;1;
871;33;5;David Pisot;Deutschland;18;0;0;
872;33;21;Marco Thiede;Deutschland;18;0;0;
873;33;6;Damian Roßbach;Deutschland;14;0;1;
874;33;22;Christoph Kobald;Österreich;7;0;0;
875;33;23;Dirk Carlson;Luxemburg;6;0;1;
876;33;10;Marvin Wanitzek;Deutschland;18;3;7;
877;33;4;Lukas Fröde;Deutschland;16;0;0;
878;33;8;Manuel Stiefler;Deutschland;15;3;1;
879;33;27;Lukas Grozurek;Österreich;11;1;1;
880;33;37;Kyoung-rok Choi;Republik Korea (Südkorea);7;1;0;
881;33;20;Alexander Groiß;Deutschland;3;0;0;
882;33;20;Jerôme Gondorf;Deutschland;0;0;0;
883;33;25;Janis Hanek;Deutschland;0;0;0;
884;33;18;Justin Möbius;Deutschland;0;0;0;
885;33;11;Martin Röser;Deutschland;0;0;0;
886;33;33;Philipp Hofmann;Deutschland;18;10;2;
887;33;9;Marvin Pourié;Deutschland;16;2;1;
888;33;30;Anton Fink;Deutschland;12;3;1;
889;33;17;Marco Djuricin;Österreich;6;0;0;
890;33;19;Dominik Kother;Deutschland;1;0;0;
891;33;14;Saliou Sané;Deutschland;1;0;0;
892;33;31;Malik Batmaz;Türkei;0;0;0;
893;33;;Alois Schwartz;Deutschland;0;0;0;
894;34;26;Christian Mathenia;Deutschland;9;0;0;
895;34;21;Felix Dornebusch;Deutschland;5;0;0;
896;34;30;Andreas Lukse;Österreich;2;0;0;
897;34;34;Benedikt Willert;Deutschland;2;0;0;
898;34;;Jonas Wendlinger;Österreich;0;0;0;
899;34;4;Asger Sörensen;Dänemark;15;4;0;
900;34;22;Enrico Valentini;Italien;13;0;0;
901;34;6;Tim Handwerker;Deutschland;12;0;2;
902;34;28;Lukas Mühl;Deutschland;12;0;1;
903;34;25;Oliver Sorg;Deutschland;11;0;2;
904;34;33;Georg Margreitter;Österreich;7;2;0;
905;34;15;Fabian Nürnberger;Deutschland;5;0;0;
906;34;;Ekin Celebi;Deutschland;0;0;0;
907;34;;Philip Heise;Deutschland;0;0;0;
908;34;;Konstantinos Mavropanos;Griechenland;0;0;0;
909;34;18;Hanno Behrens;Deutschland;18;3;3;
910;34;8;Nikola Dovedan;Österreich;17;2;2;
911;34;5;Johannes Geis;Deutschland;16;5;5;
912;34;40;Iuri Medeiros;Portugal;9;0;0;
913;34;29;Patrick Erras;Deutschland;8;0;0;
914;34;16;Adam Gnezda Cerin;Slowenien;3;0;0;
915;34;31;Ond?ej Petrák;Tschechien;3;0;0;
916;34;38;Lukas Schleimer;Deutschland;0;0;0;
917;34;17;Robin Hack;Deutschland;17;6;1;
918;34;14;Michael Frey;Schweiz;15;3;1;
919;34;7;Felix Lohkemper;Deutschland;9;0;1;
920;34;9;Mikael Ishak;Schweden;6;0;0;
921;34;23;Fabian Schleusener;Deutschland;5;0;1;
922;34;24;Virgil Misidjan;Niederlande;0;0;0;
923;34;;Jens Keller;Deutschland;0;0;0;
924;35;1;Lukas Watkowiak;Deutschland;10;0;0;
925;35;34;Heinz Lindner;Österreich;8;0;0;
926;35;29;Jan-Christoph Bartels;Deutschland;1;0;0;
927;35;25;Jan Albrecht;Deutschland;0;0;0;
928;35;31;Arthur Lyska;Deutschland;0;0;0;
929;35;30;Marjan Petkovic;Deutschland;0;0;0;
930;35;4;Sascha Mockenhaupt;Deutschland;17;0;1;
931;35;16;Niklas Dams;Deutschland;15;1;0;
932;35;19;Michel Niemeyer;Deutschland;14;0;1;
933;35;20;Moritz Kuhn;Deutschland;13;0;1;
934;35;13;Jakov Medic;Kroatien;10;0;0;
935;35;5;Benedikt Röcker;Deutschland;7;0;0;
936;35;28;Gökhan Gül;Deutschland;5;0;0;
937;35;2;Dominik Franke;Deutschland;4;0;0;
938;35;3;Tobias Missner;Deutschland;0;0;0;
939;35;33;Marc Wachs;Deutschland;0;0;0;
940;35;7;Maximilian Dittgen;Deutschland;18;2;1;
941;35;10;Sebastian Mrowca;Polen;14;0;1;
942;35;17;Daniel-Kofi Kyereh;Deutschland;13;3;1;
943;35;24;Jeremias Lorch;Deutschland;12;0;0;
944;35;15;Paterson Chato;Deutschland;11;0;0;
945;35;22;Marvin Ajani;Deutschland;10;0;1;
946;35;26;Marcel Titsch-Rivero;Deutschland;10;0;0;
947;35;6;Tobias Schwede;Deutschland;9;0;1;
948;35;11;Nicklas Shipnoski;Deutschland;9;0;0;
949;35;27;Michael Guthörl;Deutschland;2;0;0;
950;35;;Sidney Friede;Deutschland;0;0;0;
951;35;40;Giona Leibold;Deutschland;0;0;0;
952;35;;Rüdiger Rehm;Deutschland;0;0;0;
953;35;21;Patrick Schönfeld;Deutschland;0;0;0;
954;35;14;Jules Schwadorf;Deutschland;0;0;0;
955;35;18;Jan Vogel;Deutschland;0;0;0;
956;35;9;Manuel Schäffler;Deutschland;17;12;0;
957;35;39;Törles Knöll;Deutschland;9;2;0;
958;35;32;Stefan Aigner;Deutschland;9;0;4;
959;35;8;Phillip Tietz;Deutschland;2;1;1;
960;36;1;Kevin Broll;Deutschland;18;0;0;
961;36;21;Tim Boss;Deutschland;0;0;0;
962;36;24;Patrick Wiegers;Deutschland;0;0;0;
963;36;23;Florian Ballas;Deutschland;14;2;0;
964;36;39;Kevin Ehlers;Deutschland;13;0;0;
965;36;2;Linus Wahlqvist;Schweden;12;0;1;
966;36;15;Chris Löwe;Deutschland;11;0;2;
967;36;7;Niklas Kreuzer;Deutschland;10;1;0;
968;36;31;Brian Hamalainen;Dänemark;9;0;0;
969;36;28;Baris Atik;Türkei;17;0;2;
970;36;5;D?enis Burnic;Deutschland;16;0;0;
971;36;4;Jannis Nikolaou;Deutschland;15;2;0;
972;36;17;René Klingenburg;Deutschland;14;0;0;
973;36;20;Patrick Ebert;Deutschland;12;1;0;
974;36;29;Sascha Horvath;Österreich;11;1;2;
975;36;36;Max Kulke;Deutschland;6;0;0;
976;36;30;Matthäus Taferner;Österreich;4;0;1;
977;36;22;Patrick Möschl;Österreich;4;0;0;
978;36;34;Justin Löwe;Deutschland;1;0;0;
979;36;10;Marco Terrazzino;Deutschland;0;0;0;
980;36;14;Moussa Koné;Senegal;16;6;1;
981;36;11;Alexander Jeremejeff;Schweden;13;4;2;
982;36;37;Luka Stor;Slowenien;11;0;2;
983;36;35;Ransford Konigsdorffer;Deutschland;1;0;0;
984;36;19;Simon Gollnack;Deutschland;0;0;0;
985;36;;Markus Kauczinski;Deutschland;0;0;0;
986;36;;Heiko Scholz;Deutschland;0;0;0;
987;37;1;Leo Weinkauf;Deutschland;20;0;0;
988;37;22;Jonas Brendieck;Deutschland;0;0;0;
989;37;30;Steven Deana;Schweiz;0;0;0;
990;37;17;Arne Sicker;Deutschland;18;1;4;
991;37;23;Joshua Bitter;Deutschland;18;0;2;
992;37;33;Lukas Boeder;Deutschland;17;0;0;
993;37;5;Marvin Compper;Deutschland;13;0;0;
994;37;26;Vincent Gembalies;Deutschland;8;0;0;
995;37;2;Florian Brügmann;Deutschland;6;0;0;
996;37;8;Migel-Max Schmeling;Deutschland;3;0;1;
997;37;29;Sebastian Neumann;Deutschland;1;0;0;
998;37;20;Leroy-Jacques Mickels;Deutschland;20;4;3;
999;37;10;Moritz Stoppelkamp;Deutschland;19;11;6;
1000;37;13;Lukas Daschner;Deutschland;19;8;5;
1001;37;14;Tim Albutat;Deutschland;18;2;2;
1002;37;28;Yassin Ben Balla;Frankreich;16;1;0;
1003;37;7;Lukas Scepanik;Deutschland;9;2;0;
1004;37;11;Arnold Budimbu;Deutschland;8;0;0;
1005;37;21;Maximilian Jansen;Deutschland;8;0;0;
1006;37;6;Connor Krempicki;Deutschland;6;1;0;
1007;37;;Joe Gyau;Unbekannt;0;0;0;
1008;37;;Torsten Lieberknecht;Deutschland;0;0;0;
1009;37;24;Vincent Vermeij;Niederlande;20;8;2;
1010;37;25;Petar Sliskovic;Kroatien;16;0;0;
1011;37;19;Sinan Karweina;Deutschland;5;0;0;
1012;37;35;Cem Sabanci;Deutschland;0;0;0;
1013;38;;Lukas Schellenberg;Deutschland;0;0;0;
1014;38;19;Marcel Gaus;Deutschland;19;4;0;
1015;38;16;Peter Kurzweg;Deutschland;17;0;3;
1016;38;5;Nico Antonitsch;Österreich;13;1;0;
1017;38;4;Björn Paulsen;Dänemark;13;0;1;
1018;38;17;Michael Heinloth;Deutschland;11;0;0;
1019;38;38;Gordon Buch;Deutschland;4;0;0;
1020;38;23;Robin Krauße;Deutschland;19;1;2;
1021;38;6;Maximilian Thalhammer;Deutschland;16;2;1;
1022;38;10;Maximilian Beister;Deutschland;15;5;0;
1023;38;14;Caniggia Elva;Kanada;15;2;2;
1024;38;21;Tobias Schröck;Deutschland;11;1;0;
1025;38;27;Thomas Keller;Deutschland;10;1;0;
1026;38;35;Filip Bilbija;Deutschland;10;0;1;
1027;38;8;Maximilian Wolfram;Deutschland;8;1;0;
1028;38;25;Jonatan Kotzke;Deutschland;6;0;1;
1029;38;36;Georgios Pintidis;Deutschland;3;0;0;
1030;38;30;Stefan Kutschke;Deutschland;20;8;3;
1031;38;7;Dennis Eckert;Deutschland;13;9;2;
1032;38;32;Gabriel Weiß;Deutschland;0;0;0;
1033;38;;Jeff Saibene;Luxemburg;0;0;0;
1034;39;1;Timo Königsmann;Deutschland;13;0;0;
1035;39;25;Markus Scholz;Deutschland;6;0;0;
1036;39;24;Miro Varvodic;Kroatien;3;0;0;
1037;39;5;Marcel Seegert;Deutschland;20;4;1;
1038;39;23;Michael Schultz;Deutschland;20;3;0;
1039;39;26;Jan-Hendrik Marx;Deutschland;20;0;2;
1040;39;4;Kevin Conrad;Deutschland;18;2;0;
1041;39;3;Mete Çelik;Türkei;12;0;1;
1042;39;31;Marcel Hofrath;Deutschland;10;0;0;
1043;39;32;Florian Flick;Deutschland;3;0;0;
1044;39;22;Jan Just;Deutschland;0;0;0;
1045;39;6;Marco Schuster;Deutschland;19;1;0;
1046;39;17;Gianluca Korte;Deutschland;18;4;2;
1047;39;8;Dorian Diring;Frankreich;17;4;8;
1048;39;13;Max Christiansen;Deutschland;17;2;0;
1049;39;10;Arianit Ferati;Deutschland;11;1;0;
1050;39;21;Benedict dos Santos;Deutschland;8;0;0;
1051;39;18;Mohamed Gouaida;Tunesien;3;0;0;
1052;39;33;Dennis Franzin;Deutschland;1;0;0;
1053;39;7;Raffael Korte;Deutschland;1;0;0;
1054;39;15;Silas Schwarz;Deutschland;1;0;0;
1055;39;13;Max Christiansen;Deutschland;0;0;0;
1056;39;28;Jonas Weik;Deutschland;0;0;0;
1057;39;30;Kevin Koffi;Elfenbeinküste;20;1;0;
1058;39;14;Maurice Deville;Luxemburg;19;4;4;
1059;39;19;Mounir Bouziane;Frankreich;10;3;0;
1060;39;9;Valmir Sulejmani;Kosovo;7;4;1;
1061;39;11;Jesse Weißenfels;Deutschland;0;0;0;
1062;39;;Bernhard Trares;Deutschland;0;0;0;
1063;40;16;Jasmin Fejzic;Bosnien-Herzegowina;19;0;1;
1064;40;1;Marcel Engelhardt;Deutschland;2;0;0;
1065;40;27;Niko Kijewski;Deutschland;20;0;0;
1066;40;5;Benjamin Kessel;Deutschland;19;4;2;
1067;40;40;Robin Ziegele;Deutschland;13;0;0;
1068;40;19;Felix Burmeister;Deutschland;6;0;0;
1069;40;24;Kevin Goden;Deutschland;4;0;0;
1070;40;29;Alfons Amade;Deutschland;3;0;1;
1071;40;3;Lasse Schlüter;Deutschland;0;0;0;
1072;40;10;Martin Kobyla?ski;Polen;18;7;4;
1073;40;23;Danilo Wiebe;Deutschland;18;1;2;
1074;40;7;Bernd Nehrig;Deutschland;11;0;0;
1075;40;39;Patrick Kammerbauer;Deutschland;7;0;0;
1076;40;38;Leon Bürger;Deutschland;0;0;0;
1077;40;8;Stephan Fürstner;Deutschland;0;0;0;
1078;40;15;Marcel Bär;Deutschland;20;4;3;
1079;40;33;Nick Proschwitz;Deutschland;19;4;0;
1080;40;34;Mike Feigenspan;Deutschland;16;4;2;
1081;40;9;Orhan Ademi;Schweiz;10;2;0;
1082;40;11;Leandro Putaro;Deutschland;9;1;0;
1083;40;22;Manuel Schwenk;Deutschland;9;1;0;
1084;40;;Marco Antwerpen;Deutschland;0;0;0;
1085;40;;Christian Flüthmann;Deutschland;0;0;0;
1086;41;1;Nico Mantl;Deutschland;19;0;0;
1087;41;22;Steve Kroll;Deutschland;1;0;0;
1088;41;34;Michael Gurski;Deutschland;0;0;0;
1089;41;4;Alexander Winkler;Deutschland;19;2;0;
1090;41;15;Christoph Greger;Deutschland;19;1;0;
1091;41;8;Max Dombrowka;Deutschland;16;0;0;
1092;41;25;Paul Grauschopf;Deutschland;11;1;0;
1093;41;23;Markus Schwabl;Deutschland;10;0;1;
1094;41;33;Christoph Ehlich;Deutschland;7;1;0;
1095;41;17;Jannik Bandowski;Deutschland;7;0;0;
1096;41;3;Thomas Hagn;Deutschland;3;0;0;
1097;41;6;Marc Endres;Deutschland;2;0;0;
1098;41;10;Lucas Hufnagel;Georgien;19;1;2;
1099;41;20;Dominik Stahl;Deutschland;19;1;0;
1100;41;27;Moritz Heinrich;Deutschland;18;7;1;
1101;41;13;Jim-Patrick Müller;Deutschland;14;2;1;
1102;41;26;Niclas Stierlin;Deutschland;13;1;0;
1103;41;19;Maximilian Krauß;Deutschland;5;0;0;
1104;41;16;Stephan Mensah;Deutschland;1;0;0;
1105;41;18;Niclas Anspach;Deutschland;0;0;0;
1106;41;24;Alexander Kaltner;Deutschland;0;0;0;
1107;41;29;Felix Schröter;Deutschland;17;5;0;
1108;41;7;Dominik Stroh-Engel;Deutschland;14;3;0;
1109;41;21;Sascha Bigalke;Deutschland;13;1;4;
1110;41;9;Stephan Hain;Deutschland;13;0;0;
1111;41;11;Florian Dietz;Deutschland;9;0;0;
1112;41;;Claus Schromm;Deutschland;0;0;0;
1113;42;1;Kai Eisele;Deutschland;20;0;0;
1114;42;32;Tom Müller;Deutschland;0;0;0;
1115;42;31;Niklas Landgraf;Deutschland;19;0;0;
1116;42;5;Jannes Vollert;Deutschland;18;0;0;
1117;42;6;Toni Lindenhahn;Deutschland;8;0;0;
1118;42;3;Niklas Kastenhofer;Deutschland;7;0;0;
1119;42;2;Tobias Schilk;Deutschland;4;0;0;
1120;42;27;Nick Galle;Deutschland;2;0;0;
1121;42;17;Erik Henschel;Deutschland;0;0;0;
1122;42;7;Bentley Baxter Bahn;Deutschland;19;4;2;
1123;42;25;Björn Jopek;Deutschland;19;2;2;
1124;42;24;Julian Guttau;Deutschland;19;2;0;
1125;42;44;Patrick Göbel;Deutschland;17;3;1;
1126;42;8;Antonios Papadopoulos;Deutschland;11;0;2;
1127;42;21;Jan Washausen;Deutschland;9;0;1;
1128;42;16;Dennis Mast;Deutschland;7;0;0;
1129;42;;Torsten Ziegner;Deutschland;0;0;0;
1130;42;33;Jonas Nietfeld;Deutschland;20;3;4;
1131;42;9;Pascal Sohm;Deutschland;18;7;3;
1132;42;18;Felix Drinkuth;Deutschland;18;2;1;
1133;42;13;Terrence Boyd;Unbekannt;17;10;3;
1134;42;26;Sebastian Mai;Deutschland;14;1;0;
1135;42;20;Florian Hansch;Deutschland;9;0;0;
1136;42;10;Mathias Fetsch;Deutschland;3;0;0;
1137;43;32;Erik Domaschke;Deutschland;18;0;0;
1138;43;12;Matthis Harsmann;Deutschland;3;0;0;
1139;43;1;Jeroen Gies;Deutschland;0;0;0;
1140;43;7;Hassan Amin;Afghanistan;18;3;0;
1141;43;6;Marco Komenda;Deutschland;18;0;1;
1142;43;4;Yannick Osée;Deutschland;8;0;0;
1143;43;3;Janik Jesgarzewski;Deutschland;2;0;0;
1144;43;27;David Vrzogic;Deutschland;0;0;0;
1145;43;15;Markus Ballmert;Deutschland;20;1;0;
1146;43;16;Florian Egerer;Deutschland;19;1;0;
1147;43;22;Steffen Puttkammer;Deutschland;17;2;1;
1148;43;14;Willi Evseev;Deutschland;16;1;2;
1149;43;20;Marius Kleinsorge;Deutschland;15;4;2;
1150;43;10;Luka Tankulic;Deutschland;15;3;0;
1151;43;19;Valdet Rama;Albanien;12;4;0;
1152;43;11;Marcus Piossek;Polen;10;2;1;
1153;43;8;Thilo Leugers;Deutschland;8;1;1;
1154;43;17;Max Kremer;Deutschland;8;0;0;
1155;43;21;Leonard Bredol;Deutschland;3;0;0;
1156;43;25;Nicolas Andermatt;Schweiz;2;0;0;
1157;43;30;Ted Tattermusch;Deutschland;2;0;0;
1158;43;9;Deniz Undav;Deutschland;19;12;4;
1159;43;18;René Guder;Deutschland;16;2;1;
1160;43;26;Julius Düker;Deutschland;16;2;0;
1161;43;29;Hilal El-Helwe;Libanon;13;1;0;
1162;43;;Christian Neidhart;Deutschland;0;0;0;
1163;44;1;Lukas Königshofer;Österreich;20;0;0;
1164;44;33;Philipp Bachmeier;Deutschland;0;0;0;
1165;44;27;Robin Udegbe;Deutschland;0;0;0;
1166;44;17;Rene Vollath;Deutschland;0;0;0;
1167;44;5;Assani Lukimya;Kongo;18;2;0;
1168;44;7;Christian Dorda;Deutschland;16;1;0;
1169;44;15;Alexander Bittroff;Deutschland;16;0;0;
1170;44;6;Kevin Großkreutz;Deutschland;7;0;1;
1171;44;32;Dominic Maroh;Slowenien;5;1;0;
1172;44;24;Oliver Steurer;Deutschland;5;0;0;
1173;44;12;Hakim Guenouche;Frankreich;3;0;0;
1174;44;21;Jean-Manuel Mbom;Deutschland;19;1;0;
1175;44;22;Boubacar Barry;Deutschland;16;0;0;
1176;44;28;Manuel Konrad;Deutschland;15;0;0;
1177;44;4;Jan Kirchhoff;Deutschland;13;1;1;
1178;44;10;Patrick Pflücke;Deutschland;13;1;1;
1179;44;31;Adam Matuschyk;Polen;10;1;0;
1180;44;3;Selim Gündüz;Türkei;9;0;1;
1181;44;30;Dennis Daube;Deutschland;4;0;0;
1182;44;14;Necirwan Khalil Mohammad;Syrien;0;0;0;
1183;44;11;Roberto Rodriguez;Schweiz;18;2;5;
1184;44;18;Franck Evina;Deutschland;17;4;1;
1185;44;9;Tom Boere;Niederlande;13;8;0;
1186;44;8;Christian Kinsombi;Deutschland;9;0;0;
1187;44;35;Osayamen Osawe;England;8;0;0;
1188;44;23;Tobias Rühle;Deutschland;7;0;1;
1189;44;20;Ali Ibrahimaj;Deutschland;5;0;0;
1190;44;19;Adriano Grimaldi;Italien;4;0;0;
1191;44;36;Niklas Zaß;Deutschland;0;0;0;
1192;45;1;Lennart Grill;Deutschland;20;0;0;
1193;45;31;Lorenz Otto;Deutschland;0;0;0;
1194;45;30;Avdo Spahic;Bosnien-Herzegowina;0;0;0;
1195;45;13;Jonas-Janko Weyand;Deutschland;0;0;0;
1196;45;20;Dominik Schad;Deutschland;19;0;1;
1197;45;23;Philipp Hercher;Deutschland;15;1;0;
1198;45;5;Kevin Kraus;Deutschland;15;1;0;
1199;45;4;José-Junior Matuwila;Angola;10;0;1;
1200;45;3;Janek Sternberg;Deutschland;6;0;0;
1201;45;28;Lukas Gottwalt;Deutschland;2;0;0;
1202;45;29;Flavius Botiseriu;Deutschland;0;0;0;
1203;45;39;Leon Hotopp;Deutschland;0;0;0;
1204;45;26;Janik Bachmann;Deutschland;18;1;0;
1205;45;10;Simon Skarlatidis;Deutschland;13;3;0;
1206;45;8;Gino Fechner;Deutschland;12;1;0;
1207;45;7;Manfred Starke;Namibia;12;0;4;
1208;45;38;Antonio Jonjic;Deutschland;6;0;0;
1209;45;16;Theodor Bergmann;Deutschland;1;0;0;
1210;45;27;Mohamed Morabet;Deutschland;1;0;0;
1211;45;36;Anas Bakhat;Deutschland;0;0;0;
1212;45;34;Constantin Fath;Deutschland;0;0;0;
1213;45;32;Anil Gözütok;Deutschland;0;0;0;
1214;45;11;Florian Pick;Deutschland;20;11;1;
1215;45;9;Timmy Thiele;Deutschland;19;7;1;
1216;45;24;Christian Kühlwetter;Deutschland;18;7;4;
1217;45;17;Christoph Hemlein;Deutschland;12;1;0;
1218;45;18;Lucas Röser;Deutschland;12;0;0;
1219;45;21;Hendrick Zuck;Deutschland;7;0;0;
1220;45;19;Andri Rúnar Bjarnason;Island;6;0;0;
1221;45;14;Dylan Esmel;Deutschland;0;0;0;
1222;45;33;Lukas Spalvis;Litauen;0;0;0;
1223;46;1;Marco Hiller;Deutschland;7;0;0;
1224;46;40;Tom Kretzschmar;Deutschland;0;0;0;
1225;46;17;Daniel Wein;Deutschland;19;0;1;
1226;46;36;Phillipp Steinhart;Deutschland;18;1;1;
1227;46;4;Felix Weber;Deutschland;16;2;0;
1228;46;22;Aaron Berzel;Deutschland;14;1;0;
1229;46;13;Dennis Erdmann;Deutschland;14;0;0;
1230;46;23;Tim Rieder;Deutschland;11;2;0;
1231;46;33;Leon Klassen;Russland;11;1;2;
1232;46;28;Herbert Paul;Deutschland;11;1;0;
1233;46;;Oliver Beer;Deutschland;0;0;0;
1234;46;3;Niklas Lang;Deutschland;0;0;0;
1235;46;6;Marco Metzger;Deutschland;0;0;0;
1236;46;2;Eric Weeger;Deutschland;0;0;0;
1237;46;10;Timo Gebhart;Deutschland;15;1;0;
1238;46;20;Efkan Bekiro?lu;Deutschland;10;3;1;
1239;46;;Daniel Bierofka;Deutschland;0;0;0;
1240;46;5;Quirin Moll;Deutschland;0;0;0;
1241;46;9;Sascha Mölders;Deutschland;20;9;2;
1242;46;25;Marius Willsch;Deutschland;19;0;1;
1243;46;21;Prince-Osei Owusu;Deutschland;12;2;0;
1244;46;7;Stefan Lex;Deutschland;11;2;0;
1245;46;24;Markus Ziereis;Deutschland;11;1;0;
1246;46;11;Fabian Greilinger;Deutschland;9;0;0;
1247;46;19;Noel Niemann;Deutschland;3;0;0;
1248;46;18;Nico Karger;Deutschland;0;0;0;
1249;46;;Michael Köllner;Deutschland;0;0;0;
1250;47;1;Markus Kolke;Deutschland;20;0;0;
1251;47;22;Alexander Sebald;Deutschland;0;0;0;
1252;47;30;Ben Voll;Deutschland;0;0;0;
1253;47;23;Sven Sonnenberg;Deutschland;17;1;0;
1254;47;33;Maximilian Ahlschwede;Deutschland;16;1;0;
1255;47;7;Nico Neidhart;Deutschland;14;1;1;
1256;47;16;Nils Butzen;Deutschland;14;0;0;
1257;47;27;Nico Rieble;Deutschland;11;0;0;
1258;47;3;Julian Riedel;Deutschland;10;0;0;
1259;47;17;Rasmus Thellufsen;Dänemark;9;2;0;
1260;47;15;Adam Straith;Kanada;4;0;0;
1261;47;13;Paul Wiese;Deutschland;0;0;0;
1262;47;10;Korbinian Vollmann;Deutschland;18;1;1;
1263;47;6;Mirnes Pepic;Montenegro;17;0;2;
1264;47;4;Kai Bülow;Deutschland;13;1;0;
1265;47;40;Nik Omladi?;Slowenien;11;3;3;
1266;47;26;Tanju Öztürk;Deutschland;10;1;0;
1267;47;5;Nikolas Nartey;Dänemark;9;1;0;
1268;47;21;Jonas Hildebrandt;Deutschland;8;0;1;
1269;47;39;Pascal Breier;Deutschland;20;9;2;
1270;47;19;Aaron Opoku;Deutschland;18;3;3;
1271;47;18;John Verhoek;Niederlande;12;0;0;
1272;47;11;Marco Königs;Deutschland;9;0;0;
1273;47;8;Elsamed Ramaj;Albanien;5;0;0;
1274;47;29;Osman Atilgan;Deutschland;2;0;0;
1275;47;9;Erik Engelhardt;Deutschland;0;0;0;
1276;47;;Jens Härtel;Deutschland;0;0;0;
1277;48;12;Morten Behrens;Deutschland;12;0;0;
1278;48;1;Alexander Brunst;Deutschland;8;0;0;
1279;48;33;Lukas Bohm;Deutschland;0;0;0;
1280;48;39;Tom Schlitter;Deutschland;0;0;0;
1281;48;8;Thore Jacobsen;Deutschland;19;0;0;
1282;48;2;Dominik Ernst;Deutschland;18;0;5;
1283;48;4;Brian Koglin;Deutschland;16;0;0;
1284;48;9;Marcel Costly;Deutschland;9;0;0;
1285;48;29;Timo Perthel;Deutschland;9;0;0;
1286;48;25;Philipp Harant;Deutschland;4;0;0;
1287;48;3;Dustin Bomheuer;Deutschland;2;0;0;
1288;48;21;Rico Preißinger;Deutschland;18;1;0;
1289;48;22;Manfred Osei Kwadwo;Deutschland;17;2;0;
1290;48;10;Jürgen Gjasula;Albanien;16;0;0;
1291;48;23;Charles-Elie Laprevotte;Frankreich;13;0;2;
1292;48;24;Tarek Chahed;Deutschland;12;2;0;
1293;48;6;Björn Rother;Deutschland;10;2;0;
1294;48;17;Sirlord Conteh;Deutschland;10;0;0;
1295;48;16;Mario Kvesic;Bosnien-Herzegowina;6;0;1;
1296;48;14;Anton Kanther;Deutschland;0;0;0;
1297;48;11;Christian Beck;Deutschland;20;8;3;
1298;48;20;Sören Bertram;Deutschland;20;8;1;
1299;48;7;Anthony Roczen;Deutschland;9;0;0;
1300;48;19;Leon Bell Bell;Kamerun;8;0;0;
1301;48;18;Marvin Temp;Deutschland;0;0;0;
1302;48;;Stefan Krämer;Deutschland;0;0;0;
1303;49;40;Vincent Müller;Deutschland;9;0;0;
1304;49;24;Nico Stephan;Deutschland;0;0;0;
1305;49;22;Daniel Hägele;Deutschland;20;0;0;
1306;49;27;Sebastian Schuppan;Deutschland;19;5;1;
1307;49;21;Luke Hemmerich;Deutschland;18;2;2;
1308;49;34;Frank Ronstadt;Deutschland;15;0;0;
1309;49;38;Robert Herrmann;Deutschland;13;0;2;
1310;49;5;Leroy Kwadwo;Deutschland;12;1;0;
1311;49;14;Hendrik Hansen;Deutschland;11;0;0;
1312;49;26;Lion Schweers;Deutschland;4;0;0;
1313;49;23;Johannes Kraus;Deutschland;0;0;0;
1314;49;;Michael Schiele;Deutschland;0;0;0;
1315;49;7;Fabio Kaufmann;Deutschland;20;5;2;
1316;49;12;Patrick Sontheimer;Deutschland;20;3;0;
1317;49;8;Dave Gnaase;Deutschland;19;2;1;
1318;49;10;Albion Vrenezi;Kosovo;16;5;0;
1319;49;30;Simon Rhein;Deutschland;13;1;1;
1320;49;19;Yassin Ibrahim;Deutschland;3;0;0;
1321;49;25;Dominik Meisel;Deutschland;2;0;0;
1322;49;6;Niklas Zulciak;Deutschland;1;0;0;
1323;49;17;Leonard Langhans;Deutschland;0;0;0;
1324;49;16;Luca Pfeiffer;Deutschland;19;6;2;
1325;49;31;Dominik Widemann;Deutschland;17;2;0;
1326;49;9;Dominic Baumann;Deutschland;8;0;0;
1327;49;20;Patrick Breitkreuz;Deutschland;8;0;0;
1328;49;18;Maximilian Breunig;Deutschland;0;0;0;
1329;49;11;Hüseyin Cakmak;Türkei;0;0;0;
1330;50;1;Johannes Brinkies;Deutschland;20;0;0;
1331;50;29;Matti Kamenz;Deutschland;0;0;0;
1332;50;26;Max Sprang;Deutschland;0;0;0;
1333;50;17;Morris Schröter;Deutschland;19;4;4;
1334;50;5;Maurice Hehne;Deutschland;17;1;0;
1335;50;3;Christopher Handke;Deutschland;17;0;0;
1336;50;2;Marcus Godinho;Kanada;16;0;1;
1337;50;20;René Lange;Deutschland;13;1;2;
1338;50;4;Ali Odabas;Türkei;8;0;0;
1339;50;25;Sascha Härtel;Deutschland;0;0;0;
1340;50;11;Fabio Viteritti;Deutschland;19;5;2;
1341;50;19;Davy Frick;Deutschland;19;0;0;
1342;50;30;Julius Reinhardt;Deutschland;19;0;0;
1343;50;8;Leon Jensen;Deutschland;18;3;0;
1344;50;28;Nils Miatke;Deutschland;13;0;0;
1345;50;23;Marius Hauptmann;Deutschland;12;1;0;
1346;50;7;Janik Mäder;Deutschland;7;0;0;
1347;50;18;Sebastian Wimmer;Österreich;3;0;0;
1348;50;10;Christian Bickel;Deutschland;0;0;0;
1349;50;;Joe Enochs;Unbekannt;0;0;0;
1350;50;13;Mike Könnecke;Deutschland;0;0;0;
1351;50;15;Ronny König;Deutschland;20;6;2;
1352;50;32;Elias Huth;Deutschland;19;8;1;
1353;50;9;Gerrit Wegkamp;Deutschland;18;2;0;
1354;50;21;Denis Jäpel;Deutschland;3;0;0;
1355;51;22;Michael Netolitzky;Deutschland;0;0;0;
1356;51;12;Michael Wagner;Deutschland;0;0;0;
1357;51;15;Lars Lukas Mai;Deutschland;17;1;1;
1358;51;27;Derrick Köhn;Deutschland;13;1;1;
1359;51;4;Josip Stanisic;Deutschland;8;1;0;
1360;51;13;Kilian Senkbeil;Deutschland;5;0;0;
1361;51;43;Flavius Daniliuc;Österreich;4;0;0;
1362;51;2;Mert Yilmaz;Türkei;4;0;0;
1363;51;26;Thomas Rausch;Deutschland;0;0;0;
1364;51;14;Theo Rieg;Deutschland;0;0;0;
1365;51;44;Dennis Waidner;Deutschland;0;0;0;
1366;51;19;Maximilian Welzmüller;Deutschland;16;0;1;
1367;51;33;Marcel Zylla;Polen;13;3;0;
1368;51;29;Timo Kern;Deutschland;13;2;1;
1369;51;8;Jannik Rochelt;Deutschland;13;1;2;
1370;51;11;Maximilian Franzke;Deutschland;1;0;0;
1371;51;38;Angelo Stiller;Deutschland;1;0;0;
1372;51;;Sebastian Hoeneß;Deutschland;0;0;0;
1373;51;17;Timothy Tillmann;Deutschland;0;0;0;
1374;51;18;Maximilian Zaiser;Deutschland;0;0;0;
1375;52;37;Daniel Mesenhöler;Deutschland;12;0;0;
1376;52;1;Sebastian Patzler;Deutschland;8;0;0;
1377;52;13;Mark Depta;Deutschland;0;0;0;
1378;52;36;Dominik Lanius;Deutschland;13;1;0;
1379;52;6;Fabian Holthaus;Deutschland;12;0;0;
1380;52;24;Tobias Willers;Deutschland;12;0;0;
1381;52;28;Patrick Koronkiewicz;Deutschland;10;0;1;
1382;52;14;Steffen Lang;Deutschland;9;0;0;
1383;52;21;Dario De Vita;Deutschland;5;0;0;
1384;52;17;Bernard Kyere;Ghana;4;0;0;
1385;52;3;Sascha Eichmeier;Deutschland;0;0;0;
1386;52;7;Simon Handle;Deutschland;20;7;2;
1387;52;19;Kevin Holzweiler;Deutschland;19;2;4;
1388;52;8;Mike Wunderlich;Deutschland;18;9;4;
1389;52;22;Marcel Gottschling;Deutschland;18;0;2;
1390;52;35;Hamza Saghiri;Deutschland;17;0;1;
1391;52;27;Mart Ristl;Deutschland;16;0;0;
1392;52;10;Andre Dej;Polen;11;0;0;
1393;52;4;Lars Dietz;Deutschland;11;0;0;
1394;52;18;Kai Klefisch;Deutschland;11;0;0;
1395;52;30;Jan-Lukas Funke;Deutschland;7;0;0;
1396;52;11;Richmond Tachie;Deutschland;3;1;0;
1397;52;23;Moritz Fritz;Deutschland;3;0;1;
1398;52;31;Ernesto Carratala Jiménez;Deutschland;2;0;0;
1399;52;25;Timo Hölscher;Deutschland;0;0;0;
1400;52;12;Albert Bunjaku;Kosovo;20;13;1;
1401;52;20;Sven Kreyer;Deutschland;10;0;0;
1402;52;15;Suheyel Najar;Tunesien;5;0;0;
1403;52;;Pavel Dotchev;Bulgarien;0;0;0;
1404;53;1;Jakub Jakubov;Tschechien;20;0;0;
1405;53;30;Sönke Günther;Deutschland;0;0;0;
1406;53;22;Joshua Mroß;Deutschland;0;0;0;
1407;53;25;Sören Reddemann;Deutschland;18;0;2;
1408;53;3;Niklas Hoheneder;Österreich;18;0;0;
1409;53;38;Tobias Müller;Deutschland;15;1;0;
1410;53;20;Pascal Itter;Deutschland;15;0;1;
1411;53;29;Matti Langer;Deutschland;14;3;0;
1412;53;23;Tom Doyle;Neuseeland;6;0;0;
1413;53;13;Clemens Schoppenhauer;Deutschland;4;0;0;
1414;53;5;Kostadin Velkov;Bulgarien;1;0;0;
1415;53;31;Paul Milde;Deutschland;19;0;5;
1416;53;17;Erik Tallig;Deutschland;15;4;0;
1417;53;18;Daniel Bohl;Deutschland;12;1;0;
1418;53;4;Georgi Sarmov;Bulgarien;11;0;0;
1419;53;7;Davud Tuma;Deutschland;10;1;1;
1420;53;28;Pelle Hoppe;Deutschland;7;0;0;
1421;53;14;Tim Campulka;Deutschland;4;0;1;
1422;53;27;Philipp Sturm;Österreich;1;0;0;
1423;53;21;Jakob Gesien;Deutschland;0;0;0;
1424;53;6;Ioannis Karsanidis;Griechenland;0;0;0;
1425;53;32;Tarsis Bonga;Deutschland;20;3;1;
1426;53;16;Rafael García;Deutschland;18;4;4;
1427;53;26;Philipp Hosiner;Österreich;13;9;2;
1428;53;33;Dejan Bozic;Deutschland;13;3;0;
1429;53;19;Nils Blumberg;Deutschland;9;0;0;
1430;53;15;Noah Awuku;Deutschland;7;1;0;
1431;54;1;Maximilian Reule;Deutschland;18;0;0;
1432;54;29;Constantin Frommann;Deutschland;2;0;0;
1433;54;35;David Tobias Nreca-Bisinger;Kosovo;0;0;0;
1434;54;5;Julian Leist;Deutschland;20;3;0;
1435;54;21;Jonas Behounek;Deutschland;17;2;1;
1436;54;25;Kai Gehring;Deutschland;17;2;0;
1437;54;4;Korbinian Burger;Deutschland;11;0;0;
1438;54;2;Niklas Wilson Sommer;Deutschland;9;0;0;
1439;54;30;Dan-Patrick Poggenberg;Deutschland;8;0;0;
1440;54;15;Dennis Slamar;Deutschland;8;0;0;
1441;54;3;Ken Gipson;Deutschland;4;0;0;
1442;54;27;Michael Vitzthum;Deutschland;1;0;0;
1443;54;34;Nicolas Jüllich;Deutschland;17;1;0;
1444;54;6;Sebastian Bösel;Deutschland;16;0;1;
1445;54;19;Marco Hingerl;Deutschland;13;0;0;
1446;54;8;Onur Ünlüçifçi;Deutschland;7;0;1;
1447;54;26;Jamil Dem;Deutschland;6;0;0;
1448;54;24;Charmaine Häusl;Deutschland;4;0;0;
1449;54;10;Joel Gerezgiher;Deutschland;0;0;0;
1450;54;17;Jonas Meiser;Deutschland;0;0;0;
1451;54;28;Dimitry Imbongo;Frankreich;18;3;1;
1452;54;9;Eric Hottmann;Deutschland;18;0;0;
1453;54;13;Kai Brünker;Deutschland;16;3;1;
1454;54;7;Panagiotis Vlachodimos;Griechenland;15;5;2;
1455;54;18;Timo Röttger;Deutschland;13;0;2;
1456;54;11;McKinze Gaines;Unbekannt;11;0;0;
1457;54;22;Dominik Martinovic;Deutschland;10;2;1;
1458;54;;Markus Lang;Deutschland;0;0;0;
1459;55;35;Maximilian Schulze-Niehues;Deutschland;16;0;0;
1460;55;1;Oliver Schnitzler;Deutschland;4;0;0;
1461;55;19;Marian Prinz;Deutschland;0;0;0;
1462;55;5;Julian Schauerte;Deutschland;20;3;2;
1463;55;15;Simon Scherder;Deutschland;16;1;0;
1464;55;22;Okan Erdogan;Deutschland;16;0;0;
1465;55;33;Niklas Heidemann;Deutschland;16;0;0;
1466;55;13;Ole Kittner;Deutschland;15;0;2;
1467;55;3;Alex Rossipal;Deutschland;7;0;0;
1468;55;14;U?ur Tezel;Türkei;1;0;0;
1469;55;4;Jannik Borgmann;Deutschland;0;0;0;
1470;55;10;Kevin Rodrigues Pires;Portugal;18;1;2;
1471;55;25;Fridolin Wagner;Deutschland;16;2;0;
1472;55;20;Philipp Hoffmann;Deutschland;13;1;2;
1473;55;6;Nico Brandenburger;Deutschland;13;1;0;
1474;55;37;Lucas Cueto;Deutschland;7;1;0;
1475;55;30;Marcel Hoffmeier;Deutschland;1;0;0;
1476;55;18;Dominik Klann;Deutschland;0;0;0;
1477;55;11;Noad Mekonnen;Deutschland;0;0;0;
1478;55;9;Rufat Dadashov;Aserbaidschan;20;6;1;
1479;55;21;Heinz Mörschel;Deutschland;19;5;0;
1480;55;7;Seref Özcan;Deutschland;19;2;5;
1481;55;24;Luca Schnellbacher;Deutschland;17;3;2;
1482;55;8;Maurice Litka;Deutschland;15;2;0;
1483;55;27;Joel Grodowski;Deutschland;7;1;0;
1484;55;;Arne Barez;Deutschland;0;0;0;
1485;55;;Sven Hübscher;Deutschland;0;0;0;
1486;56;22;Jo Coppens;Belgien;19;0;0;
1487;56;1;Flemming Niemann;Deutschland;2;0;0;
1488;56;12;Lukas Sedlak;Deutschland;0;0;0;
1489;56;20;Tim Kircher;Deutschland;14;0;1;
1490;56;30;Manuel Maranda;Österreich;14;0;1;
1491;56;13;Dominic Volkmer;Deutschland;12;0;0;
1492;56;3;Maximilian Rohr;Deutschland;9;1;1;
1493;56;17;Pierre Fassnacht;Deutschland;7;0;0;
1494;56;15;Marius Grösch;Deutschland;6;0;0;
1495;56;21;Patrick Schorr;Deutschland;6;0;0;
1496;56;29;Paul Fromm;Deutschland;0;0;0;
1497;56;5;Matthias Kühne;Deutschland;0;0;0;
1498;56;16;Eric Voufack;Deutschland;0;0;0;
1499;56;10;Nico Hammann;Deutschland;17;0;0;
1500;56;9;René Eckardt;Deutschland;15;1;0;
1501;56;31;Raphael Obermair;Deutschland;14;1;1;
1502;56;14;Dominik Bock;Deutschland;12;3;1;
1503;56;26;Eroll Zeynullahu;Kosovo;6;0;1;
1504;56;8;Jannis Kübler;Deutschland;4;0;0;
1505;56;24;Maximilian Weiß;Deutschland;2;0;0;
1506;56;2;Max Gottwald;Deutschland;1;0;0;
1507;56;19;Maximilian Schlegel;Deutschland;0;0;0;
1508;56;7;Daniele Gabriele;Deutschland;19;4;0;
1509;56;11;Anton Donkor;Deutschland;16;2;1;
1510;56;27;Julian Günther-Schmidt;Deutschland;14;1;1;
1511;56;23;Meris Skenderovic;Deutschland;14;0;0;
1512;56;18;Niklas Jahn;Deutschland;7;1;0;